X81,X82,X83,Total Y
37.82648753,-0.293938528,60.17398127,107.9500924
37.80803838,-0.387476692,59.96222069,107.9004343
37.76186078,-0.422391688,59.9380988,107.7815067
37.73749641,-0.656533912,59.90708608,107.6621795
37.75315619,-0.734094142,59.98135434,107.5487908
37.64850781,-0.74906794,59.6268314,107.4237293
37.62546323,-0.910518747,59.66077708,107.3124504
37.62891077,-0.949517008,59.62725442,107.2204834
37.56675435,-1.034998783,59.62888881,107.1249827
37.49637357,-1.004920458,59.34716563,107.0332568
37.53918904,-1.176960131,59.60857816,106.9572472
37.49775706,-0.905300779,59.48003591,106.87727
37.29492119,-1.315359081,59.1535235,106.7691599
37.45096125,-1.441581576,59.29578536,106.7217151
37.49823294,-1.518573613,59.33121027,106.6554873
37.4715499,-1.612396381,59.08190218,106.5804046
37.38259095,-1.515903183,58.96489241,106.5110713
37.33697352,-1.612599798,59.0823075,106.4406496
37.30648215,-1.557702962,59.10809454,106.3771763
37.254198,-1.533830178,58.92544597,106.3073597
37.20824987,-1.570080789,59.01962619,106.2444905
37.22378718,-1.635951997,59.09595824,106.1880649
37.17344803,-1.650932397,58.71678992,106.1297562
37.13725105,-1.676658195,58.66315457,106.0745718
37.10916272,-1.781446951,58.53442285,106.0272201
37.10615624,-1.782458416,58.59753018,105.977043
37.03431266,-1.67403948,58.43219126,105.9211697
36.93153165,-1.678281694,58.36761091,105.8597627
36.94309726,-1.710222528,58.44980804,105.8162381
36.90257872,-1.758918005,58.40292538,105.766524
36.8488595,-1.76997782,58.18041427,105.7156198
36.79033334,-1.813018129,58.10357565,105.6666008
36.80618034,-1.798280602,58.20120651,105.6219635
36.80076023,-1.824391571,58.16168424,105.5777216
36.75659075,-1.857639182,57.99741929,105.5335156
36.75129563,-1.934271508,58.11029303,105.4971528
36.72826407,-1.903174158,58.03132538,105.4555374
36.71319613,-1.930270069,58.08104431,105.416369
36.69498736,-1.930472161,57.85222289,105.3777248
36.70959896,-2.080996809,58.09389194,105.3411332
36.63770143,-2.035861999,57.58836342,105.3066813
36.61821645,-2.047055286,57.58398379,105.265004
36.60232137,-2.049655413,57.68637589,105.2268376
36.66911022,-2.127823049,57.96403424,105.1941519
36.58377919,-2.127908867,57.55828189,105.1551447
36.54341003,-2.103656882,57.55343149,105.11605
36.51660838,-2.143308219,57.60345779,105.0816226
36.54050552,-2.169306144,57.67344084,105.04622
36.47679701,-2.14136262,57.5051357,105.0133536
36.46498385,-2.144925868,57.5515629,104.9796908
36.4734339,-2.25497881,57.39582519,104.9518686
36.44664408,-2.317871414,57.35353999,104.9189641
36.4709025,-2.326391463,57.50209227,104.8907612
36.46076704,-2.332919859,57.36523996,104.8580498
36.50079305,-2.43506025,57.49330132,104.8333649
36.45051368,-2.437557583,57.33546055,104.8018551
36.43700366,-2.373281371,57.31818149,104.7702549
36.41400663,-2.402899257,57.3497362,104.7423853
36.4329479,-2.467940633,57.5697086,104.7097725
36.40889813,-2.465383327,57.24344097,104.6875756
36.40844844,-2.485394393,57.32964384,104.6573037
36.36151208,-2.553192402,57.32499607,104.6218064
36.42179317,-2.58183639,57.32969035,104.5995074
36.35461482,-2.514260978,56.96933096,104.5691869
36.35104208,-2.553413682,57.1908475,104.5363509
36.35818124,-2.645629361,57.14838642,104.5144127
36.35393975,-2.623051973,57.18463719,104.4824351
36.28478117,-2.588236685,56.90527329,104.4518382
36.28123768,-2.541691658,57.03173781,104.4244006
36.31297665,-2.677238103,57.18106078,104.4043391
36.27815104,-2.714383706,56.97249674,104.3763653
36.24739781,-2.680135568,56.78255677,104.3515294
36.25399785,-2.631706998,56.9981358,104.3263106
36.26614409,-2.74877798,57.15704178,104.3031964
36.23820727,-2.723080308,56.82187278,104.2783602
36.23316003,-2.741931196,56.89960374,104.2453647
36.19032589,-2.702326571,57.00248342,104.2184434
36.22694182,-2.786227844,56.98553585,104.1956635
36.17917611,-2.773982062,56.78897493,104.1656464
36.14299916,-2.757736402,56.75896424,104.1411282
36.16200056,-2.85184775,56.8752624,104.1158553
36.17309826,-2.457924382,56.78769553,104.0991283
35.84856647,-2.757854814,56.62635477,103.9931581
36.02256117,-2.752212155,56.61317842,104.0121737
36.03532754,-2.803878267,56.64953736,103.9987088
36.04317088,-2.839952257,56.61378997,103.9825832
35.99160353,-2.829589959,56.46433714,103.9599436
35.95954829,-2.785791487,56.50376357,103.9354957
35.95202964,-2.858591212,56.44622796,103.9127231
35.97275862,-2.831010417,56.42756067,103.8907042
35.92891887,-2.848278467,56.36509602,103.8660757
35.97174871,-2.887874827,56.63788518,103.8496544
35.96223897,-2.95260518,56.61465768,103.8323423
36.02654047,-2.975939003,56.61336667,103.8199538
35.93714016,-2.939843996,56.4034406,103.798385
35.8919443,-2.804236633,56.33827234,103.7703551
35.84398961,-2.917636227,56.3722845,103.7393464
35.87674554,-2.893349271,56.22479093,103.7188774
35.79210901,-2.879375126,56.33275415,103.6938246
35.7698041,-2.771352352,56.29328354,103.6656293
35.83423666,-2.758562757,56.38655744,103.8741287
35.85750296,-2.794979821,56.51109993,103.7940157
35.79486997,-2.848682066,56.42273009,103.7408212
35.73976864,-2.777909419,56.26526052,103.6962159
35.76321203,-2.896074755,56.31522588,103.6649475
35.773071,-2.866392219,56.30531889,103.6373815
35.73810013,-2.901441356,56.13695694,103.6059509
35.70521123,-2.878795416,56.12613168,103.5729214
35.65097753,-2.850527111,56.00930897,103.5406097
35.64882585,-2.902821916,56.04394182,103.510677
35.63200373,-2.905095604,55.98850533,103.4864061
35.63724898,-2.950482727,55.93998426,103.4641587
35.65368574,-2.930268761,56.04018925,103.4390345
35.59402636,-2.948473474,55.88866346,103.4137771
35.62801322,-2.930736376,56.19191839,103.3998761
35.71797929,-3.069108553,56.27836996,103.3861798
35.72586043,-3.046282948,56.19815404,103.3722497
35.67122134,-3.042852864,55.90876242,103.3492695
35.66469982,-2.99624638,56.03928214,103.3272896
35.68326059,-3.076917459,56.11004315,103.3126309
35.70938827,-3.066550571,56.17488603,103.293571
35.66825659,-3.058636703,56.14974045,103.2708786
35.63765473,-3.018454895,56.00516073,103.2462088
35.63123359,-3.073116784,56.05130262,103.224905
35.63257204,-3.078427602,56.04545815,103.2010111
35.56900648,-3.053829831,55.82680586,103.1785832
35.57397936,-3.047103184,55.83090528,103.1594574
35.57021772,-3.106595275,55.78998033,103.1450249
35.61590715,-3.1404561,55.86559684,103.1281986
35.57220642,-3.115364076,55.78434883,103.1146633
35.59087605,-3.109792982,55.95992155,103.0978754
35.61125833,-3.205210965,55.83209777,103.0867283
35.60409217,-3.211606343,55.94101123,103.0651786
35.55406804,-3.247349177,55.81536824,103.0432273
35.5640862,-3.19627982,55.71743108,103.0270537
35.58528894,-3.236357436,55.78798617,103.0122821
35.53719034,-3.195936312,55.75064876,102.9899884
35.5354422,-3.255972725,55.72317368,102.9731673
35.49535847,-3.226853537,55.68214693,102.959151
35.48747678,-3.24958171,55.72270853,102.9443834
35.52155506,-3.252180844,55.82644726,102.9221621
35.45917732,-3.233785872,55.62917473,102.9026816
35.46863605,-3.219331972,55.67659259,102.8866901
35.46636709,-3.277880932,55.75050706,102.8674769
35.43391819,-3.275600498,55.55164559,102.8480786
35.41228712,-3.252307597,55.61551262,102.8288191
35.384894,-3.263269343,55.61256869,102.8088868
35.44066155,-3.279416878,55.61215055,102.8029158
35.39251863,-3.292719381,55.62247194,102.7812344
35.29605145,-3.278936485,55.42763843,102.7609011
35.25591997,-3.261773151,55.39795847,102.7443464
35.29746018,-3.312361316,55.5541975,102.7370989
35.32329343,-3.310277851,55.52267495,102.7208779
35.28355662,-3.2574371,55.28014334,102.6941719
35.25292425,-3.230715284,55.35346526,102.6739763
35.2546344,-3.263829892,55.43113337,102.6606033
35.30534891,-3.339955694,55.51618784,102.6445024
35.21818515,-3.317257138,55.15454452,102.6276398
35.24124584,-3.192763155,55.10974454,102.6184775
35.11015291,-3.364212655,55.13244631,102.598359
35.38085354,-3.41417863,55.53177734,102.6015721
35.30863551,-3.370056181,55.28950838,102.5878761
35.29930059,-3.364103807,55.2697467,102.5689782
35.26842776,-3.359463334,55.40374877,102.5520518
35.25262065,-3.424218401,55.27629092,102.5351668
35.23269888,-3.3831937,55.29319024,102.5240534
35.20408514,-3.353965755,55.12042552,102.5043144
35.22716801,-3.4017099,55.32600336,102.4992382
35.29442258,-3.477869233,55.42088364,102.4875704
35.23341362,-3.416083943,55.15705067,102.4712629
35.21134878,-3.380683177,55.1414103,102.4542864
35.22320414,-3.413928839,55.27962,102.4402108
35.28738452,-3.470699966,55.41217578,102.4263278
35.23519164,-3.449559954,55.12546644,102.4100686
35.21168504,-3.501596174,55.34112414,102.3939701
35.16461365,-3.452152337,54.97318234,102.3804158
35.23501595,-3.511659702,55.33294727,102.3683599
35.20532668,-3.487353056,55.08297047,102.3542563
35.1607273,-3.47518721,55.0042031,102.3379507
35.1846368,-3.495694231,55.16783896,102.3245494
35.21048221,-3.577227378,55.21232901,102.3180576
35.15863126,-3.515369123,54.9458837,102.3069843
35.14847094,-3.516609241,55.02065202,102.2869837
35.16019366,-3.568671645,55.13021,102.27697
35.17714411,-3.6080247,55.10706524,102.2677921
35.16643778,-3.614968044,55.06690305,102.2511834
35.09983109,-3.572203184,54.89332633,102.2320559
35.08122989,-3.556279921,54.8842339,102.2152483
35.15401448,-3.645181534,55.06507129,102.207173
35.12156457,-3.614736384,54.8938629,102.1937656
35.0988057,-3.618590563,54.85904903,102.176796
35.0839617,-3.596982339,54.88922918,102.1627821
35.08585022,-3.631725533,54.83228877,102.1541584
35.03446611,-3.603148541,54.86736134,102.1375923
35.0262438,-3.604060568,54.77091286,102.1232973
34.99539091,-3.537587725,54.67022082,102.1038143
35.0407513,-3.606569468,54.86008455,102.0976604
35.03809105,-3.662531362,54.91578436,102.0816296
34.99522927,-3.643331113,54.48002914,102.0684196
35.02871095,-3.566913854,54.86893666,102.0569808
35.10192159,-3.544847047,54.92822249,102.3227326
35.07169378,-3.580908741,55.00285928,102.2476789
35.09257272,-3.64993764,55.02569244,102.2062984
35.03526485,-3.585410427,54.75334747,102.1652001
35.02909582,-3.608450456,54.86793073,102.1323729
34.98081602,-3.620574104,54.63419255,102.1026978
35.02122567,-3.676072666,54.88305484,102.0824982
34.99998162,-3.642517018,54.78610046,102.057334
34.96447538,-3.610755717,54.77781706,102.0350104
34.96840802,-3.65450875,54.79133451,102.016215
34.99569871,-3.72605344,55.02669927,102.0015723
34.95766765,-3.680961717,54.71623765,101.987463
34.93658522,-3.817012412,54.63466684,101.9706155
34.13005543,-3.62995351,55.10517709,101.6469242
34.90231593,-3.700664066,54.85185684,101.7977748
34.9212319,-3.70397181,54.44308206,101.8290792
34.88974029,-3.697732795,54.50893256,101.8297562
34.82277372,-3.55812563,54.31551302,101.815795
34.78506613,-3.720574528,54.53564491,101.7993682
34.84685142,-3.695837118,54.60712477,101.7989298
34.79953216,-3.647096709,54.6477899,101.782921
34.81127051,-3.639048374,54.71549105,101.7713111
34.83659023,-3.714941137,54.81106855,101.7684045
34.82984023,-3.727602251,54.52783249,101.7592364
34.78692006,-3.670116819,54.58262247,101.7446557
34.765656,-3.664185187,54.62608094,101.7278225
34.79214802,-3.707082801,54.57351317,101.7231379
34.82344795,-3.75569508,54.65636794,101.7093296
34.76158111,-3.740603591,54.30860737,101.6936988
34.72649709,-3.761671192,54.28369718,101.6770883
34.7713746,-3.784685503,54.29540621,101.6812547
34.80885342,-3.799001617,54.49669706,101.6677812
34.80559213,-3.794268061,54.41921751,101.6496743
34.79713981,-3.757145187,54.46011464,101.6386844
34.82345553,-3.825444992,54.51902845,101.6278988
34.85126204,-3.860800539,54.58552999,101.6195205
34.781942,-3.834119465,54.23074657,101.6047824
34.77210124,-3.819338802,54.34576767,101.5914563
34.77540935,-3.802199505,54.35734878,101.5812309
34.83612741,-3.823776831,54.41086464,101.5729941
34.80933756,-3.882524982,54.37888549,101.5564137
34.74695912,-3.861219242,54.27130689,101.5429448
34.72568509,-3.822161247,54.29628572,101.5286559
34.81491558,-3.922229923,54.42437978,101.523065
34.76797799,-3.873202981,54.13474768,101.5116015
34.74582989,-3.87637668,54.22839428,101.5006266
34.73269796,-3.843989921,54.30669153,101.4890983
34.76631866,-3.91409563,54.36442683,101.4809845
34.73691323,-3.915460457,54.19453041,101.4696557
34.68411019,-3.876505441,54.14743815,101.4528466
34.66533945,-3.823909971,54.16573774,101.4327517
34.71186425,-3.922738365,54.28582444,101.4278612
34.74082653,-3.970210939,54.23517647,101.4149805
34.66998417,-3.907900153,54.08952194,101.4012053
34.65235959,-3.871054088,54.20425973,101.3865409
34.66817538,-3.925629905,54.19705735,101.3786069
34.68814373,-3.920426279,54.22312757,101.3675093
34.69410754,-3.937966073,54.26207556,101.3590955
34.65055936,-3.932996032,54.06284794,101.3448718
34.63256001,-3.945621893,54.06138426,101.3359736
34.67623445,-3.937809166,54.13734914,101.32729
34.64334261,-3.942620826,53.98701011,101.3192436
34.61688702,-3.928373704,54.09360369,101.3047329
34.62274791,-3.933793304,54.09896096,101.2940231
34.65688128,-3.999913343,54.20418458,101.2832496
34.59506987,-3.919741405,53.72990416,101.2721512
34.58034246,-3.937864952,54.01593409,101.2499514
34.53635139,-3.908472997,53.89821765,101.2335246
34.57199366,-3.944994703,54.07657713,101.2258619
34.56553668,-3.960772992,53.95006938,101.2141671
34.53160126,-3.966621999,53.84430431,101.202725
34.51342756,-3.905127684,53.98361934,101.1940376
34.54938527,-3.997365738,53.99025298,101.1879211
34.53777725,-3.968053801,53.67679504,101.1743483
34.52033017,-3.965560378,53.76862014,101.1627349
34.58420096,-4.02267034,54.14909365,101.1602189
34.57634494,-4.056393488,54.03527135,101.1522807
34.60098577,-4.028243036,53.96592538,101.1434391
34.58661835,-4.033759806,53.95019781,101.1300771
34.58429061,-4.013062331,53.95115072,101.119087
34.56222181,-4.062313538,54.03735854,101.1101668
34.60805753,-4.099336662,54.16669216,101.1048854
34.54678014,-4.068070472,53.81433449,101.0932374
34.55392803,-4.055602575,53.86006366,101.0818132
34.53847596,-4.040748865,53.68701963,101.068136
34.56634214,-4.099706306,54.00555324,101.056987
34.54120985,-4.049128525,53.64991126,101.0490429
34.54361711,-4.103802105,53.99159911,101.0347608
34.51150115,-4.044840858,53.84925299,101.0238881
34.56721841,-4.077323054,53.99027235,101.0179025
34.51206817,-4.071211468,53.69287455,101.0010035
34.47956345,-4.06462301,53.69564537,100.9902298
34.48858034,-4.036207322,53.65318166,100.9819018
34.53791247,-4.170998237,53.94965939,100.9790468
34.52034551,-4.127647511,53.95929201,100.9674871
34.46730802,-4.109656334,53.5685583,100.9554236
34.45626426,-4.104689649,53.67195032,100.9413676
34.48082612,-4.133000003,53.64839936,100.935531
34.51991328,-4.160635746,53.78780164,100.9251083
34.47522408,-4.023542858,53.65209035,100.9139202
34.47944038,-3.979214566,53.62827842,101.1757848
34.5108406,-4.206526103,53.91897679,101.1117331
34.31203073,-4.08209253,53.3867904,100.7567042
34.42356068,-4.091457421,53.5330381,101.0374022
34.40967824,-4.081994123,53.49896633,101.0090275
34.44786944,-4.121809975,53.55815356,100.9954708
34.43140625,-4.122553566,53.55104044,100.9700131
34.3808354,-4.190426913,53.45729478,100.9485066
34.48159357,-4.063606655,53.63016668,100.9468279
34.49988283,-4.147545898,53.81809468,100.9273273
34.5355687,-4.224636331,54.05448872,100.9198279
34.41482454,-4.17552485,53.45070328,100.9012146
34.39328126,-4.144327499,53.50954306,100.8811421
34.40820344,-4.181156916,53.50204923,100.8725604
34.44884672,-4.202869527,53.53876653,100.8588461
34.40646376,-4.189382503,53.48769682,100.8447818
34.37816501,-4.159454252,53.46178648,100.8254758
34.38284824,-4.190147826,53.51853998,100.8090773
34.43618278,-4.221127027,53.6346343,100.7977755
34.38515297,-4.204164037,53.50449341,100.7843601
34.35503056,-4.199242634,53.4684644,100.7674332
34.33304406,-4.076583198,53.50935103,100.7530228
34.42042641,-4.17809308,53.95274929,100.7408155
34.35747031,-4.162322402,53.51225279,100.7288296
34.33616567,-4.163983898,53.43151583,100.712206
34.30624387,-4.122875018,53.4490306,100.7017668
34.3402222,-4.245547266,53.58503962,100.6905947
34.29932885,-4.220990228,53.36863251,100.6770997
34.251272,-4.188064557,53.34737686,100.6629902
34.24380944,-4.190622128,53.49142687,100.6511536
34.23051618,-4.186799658,53.26106045,100.6429901
34.21495937,-4.213863684,53.41009011,100.629258
34.15740367,-4.23002459,53.33188619,100.6125155
34.10246537,-4.209431476,53.19452108,100.5989463
34.13539335,-4.221583032,53.24197064,100.5885103
34.25345186,-4.26588915,53.49223376,100.5858251
34.22630884,-4.254225591,53.27879029,100.5743822
34.20687118,-4.255218383,53.26641223,100.5633021
34.26443963,-4.21177451,53.41221176,100.5572257
34.26881874,-4.263054808,53.41317939,100.5487262
34.24884304,-4.293982725,53.34529385,100.5409619
34.19760997,-4.273432481,53.08829976,100.5294135
34.19072094,-4.243575062,53.31001204,100.5181073
34.27780663,-4.310879955,53.3451202,100.5211211
34.2694931,-4.326254675,53.34628779,100.5073971
34.23275425,-4.285053989,53.23877151,100.4981714
34.21829351,-4.273060113,53.34179971,100.4847994
34.22768706,-4.302436968,53.31204024,100.4790776
34.27332504,-4.320175653,53.42863178,100.4688159
34.18166041,-4.292122315,53.17476468,100.4525108
34.1666649,-4.299230479,53.16280549,100.4363401
34.15333977,-4.292799914,53.21348664,100.4280286
34.21217389,-4.378270331,53.39096361,100.4222525
34.16142307,-4.315259437,53.10849071,100.4080407
34.12074194,-4.311886383,53.0563251,100.3937396
34.12059341,-4.258228277,53.22477465,100.3849654
34.19590322,-4.334661869,53.3980427,100.382534
34.17215548,-4.324502684,53.22018188,100.3734961
34.06868402,-4.280915672,52.92219922,100.3566265
33.99475825,-4.306377768,53.18192463,100.3314564
34.09276573,-4.340124132,53.01429016,100.3372086
34.09675641,-4.328872408,52.87722565,100.3284576
34.07887789,-4.327676626,52.93041433,100.3174141
34.05524143,-4.393906604,52.99782226,100.3037986
33.55314959,-4.42384471,53.2081814,99.61877392
33.91835798,-4.443400807,52.81932252,99.78923258
33.91984507,-4.390929626,52.65393977,99.87317714
33.91255676,-4.356756131,53.05200936,99.92585742
33.94918987,-4.419506295,53.00830236,99.970347
33.9506294,-4.409573455,52.80221057,100.0037811
33.9563915,-4.400723763,52.7921495,100.0230993
33.9454716,-4.372535874,52.80801028,100.036911
33.98696577,-4.426965539,53.11292745,100.051336
33.99512979,-4.436582354,52.79050708,100.0566896
33.97991357,-4.39067854,52.81538627,100.0591604
33.98189948,-4.405894005,52.98315883,100.0553321
33.96924048,-4.399216516,52.75708126,100.0592853
34.03760096,-4.455111586,52.94516923,100.0615223
33.98042787,-4.436886378,52.76274504,100.0611713
33.96199295,-4.433881654,52.84487517,100.0555538
33.94602882,-4.358939171,52.75882918,100.0439451
34.01963767,-4.478172161,53.09274897,100.0443276
33.97646411,-4.448383848,52.66851866,100.0391308
33.95096368,-4.436720618,52.77902519,100.0253625
33.93043583,-4.424145336,52.73972581,100.0140526
33.94983726,-4.444799886,52.77895336,100.0122276
33.97373008,-4.48315261,52.83894998,100.0068969
33.92841826,-4.454245111,52.66138773,99.99889769
33.932331,-4.442147733,52.71052279,99.98744042
33.94524133,-4.458518188,52.86471441,99.98410017
34.01265475,-4.479009293,52.80595212,99.98089597
33.97162252,-4.476193147,52.70217883,99.975136
33.94119843,-4.469093181,52.73585942,99.96657878
33.93666284,-4.460886139,52.70137694,99.95835686
33.99044324,-4.509587771,52.79058454,99.95799864
33.98048738,-4.51057455,52.72204855,99.95003886
33.99413249,-4.50986501,52.72263353,99.94490611
33.98154369,-4.460021688,52.68601903,99.93610881
34.07839132,-4.471389268,52.88505787,99.93559489
34.05778296,-4.429289583,52.87254208,99.92475106
34.0528382,-4.450733265,52.73707729,100.1847717
33.96219262,-4.457028767,52.76674585,100.112984
33.92150407,-4.463371045,52.65490114,100.0651721
33.9105284,-4.499627779,52.67517627,100.0397186
33.94706918,-4.501171318,52.6182702,100.0174791
33.94054229,-4.529249188,52.67404298,99.99454289
33.91116665,-4.523269639,52.50618393,99.97270731
33.89416808,-4.470370571,52.62837684,99.95628433
33.98359846,-4.523361802,52.83151646,99.94331511
33.96141945,-4.493993908,52.68142695,99.92975861
33.66281555,-4.541857281,52.63727064,99.81019258
33.82640017,-4.517351005,52.53655256,99.84613111
33.93180692,-4.55374604,52.66171164,99.86379978
33.90593461,-4.537938658,52.61478052,99.85241897
33.90315687,-4.536612589,52.61438233,99.84330408
33.87426089,-4.466720188,52.65561386,99.834803
33.91723586,-4.54929505,52.65966347,99.82687783
33.92528363,-4.58470922,52.69861659,99.81892736
33.85241091,-4.544337351,52.64415828,99.80496786
33.82404434,-4.563549838,52.71989897,99.79003083
33.84890051,-4.511734521,52.59523213,99.78530522
33.89604464,-4.550021756,52.88877712,99.77417033
33.88654603,-4.539213284,52.66999438,99.770952
33.8655593,-4.574218382,52.61401043,99.76213353
33.88677234,-4.523794137,52.50647055,99.7538565
33.79317712,-4.58170805,52.52474963,99.7341825
33.75015108,-4.599520659,52.37910052,99.72058483
33.69898102,-4.581685781,52.43046104,99.70678583
33.72352361,-4.566766427,52.3352036,99.69321469
33.70606595,-4.601133102,52.49867801,99.68511042
33.73278749,-4.605850721,52.37446151,99.67573653
33.70928083,-4.606815164,52.42897841,99.66889497
33.68716809,-4.601644963,52.38120921,99.65934489
33.67019676,-4.584396642,52.49793352,99.65042239
33.73859318,-4.632892176,52.49705224,99.64604208
33.67310682,-4.647591911,52.35162215,99.63802736
33.62711566,-4.642225175,52.18788905,99.62676039
33.60505476,-4.606137311,52.38053336,99.61332547
33.64508175,-4.669321025,52.4167345,99.60791528
33.61458282,-4.648815725,52.06283583,99.59716206
33.58391158,-4.63031519,52.20943934,99.58309697
33.58313249,-4.641508693,52.24831642,99.57478931
33.59556774,-4.631947816,52.18088261,99.56997328
33.63830783,-4.695203702,52.40720241,99.55859486
33.59345504,-4.672092538,52.19953587,99.55289069
33.56943367,-4.655003596,52.00594791,99.54416986
33.57253894,-4.607052929,52.17110396,99.53560575
33.64924803,-4.687471115,52.47946312,99.53065331
33.60430923,-4.67358167,52.07037173,99.52550883
33.58901037,-4.731340149,52.12845107,99.52051922
33.33925105,-4.749643793,52.33293441,99.04223769
33.50059754,-4.736171412,52.13114664,99.12835156
33.49489815,-4.72047928,51.91451025,99.15317331
33.5110012,-4.703282435,51.96435312,99.16684364
33.59835225,-4.771252046,52.30826722,99.18118719
33.56857329,-4.776602946,52.20717474,99.18329503
33.60889422,-4.717759498,52.12203447,99.1911885
33.62449438,-4.685224154,52.23435694,99.18992439
33.6832139,-4.766977361,52.39007427,99.19443214
33.66523137,-4.772124502,52.2673939,99.189964
33.54441608,-4.740806005,52.08271413,99.18084033
33.57685437,-4.741064852,52.14870627,99.17317661
33.62282399,-4.728809867,52.12480081,99.18297367
33.63921566,-4.735015702,52.21340187,99.17321158
33.52720834,-4.716704732,52.30752284,99.15030253
33.62990409,-4.751528368,52.4292635,99.15573806
33.5690508,-4.714750893,52.22248829,99.15050608
33.6355617,-4.745654935,52.24479871,99.14463794
33.59408456,-4.745517168,52.09072727,99.13603183
33.55776192,-4.737918417,52.01847242,99.12563303
33.55071635,-4.696361783,52.21470537,99.11763553
33.61968931,-4.753674341,52.38424778,99.11781428
33.60197999,-4.762651585,52.14480182,99.11207342
33.55855421,-4.750815927,52.11840206,99.10358956
33.54255431,-4.734398788,52.15094455,99.09506333
33.55773086,-4.701796488,52.11233398,99.09213642
33.62670719,-4.755507632,52.35975406,99.08881769
33.52332662,-4.756423028,52.0476586,99.07311236
33.47164174,-4.783521975,52.1183049,99.06181044
33.43301849,-4.69621599,51.91607545,99.05344628
33.514257,-4.775520044,52.29426732,99.05066403
33.39891453,-4.782330691,52.02887638,99.031212
33.38036841,-4.778747712,51.91605882,99.02022731
33.37591377,-4.786317282,51.87467975,99.00954692
33.36317784,-4.792576052,51.87447934,99.00606475
33.36399661,-4.792953492,51.86642105,99.00139458
33.3461771,-4.817391475,51.72557893,98.99258678
33.34472485,-4.802466304,51.68637224,98.98712406
33.37059625,-4.812650759,51.83685407,98.98449731
33.3595125,-4.833305827,51.80504269,98.97666911
33.32326713,-4.868805773,51.70704697,98.96856192
33.30551834,-4.853047103,51.77232172,98.95764817
33.30012727,-4.829685833,51.71734959,98.94909058
33.3237298,-4.830655421,51.71166289,98.94173464
33.29753624,-4.858902314,51.80261502,98.93554167
33.28187149,-4.876298512,51.74592898,98.933113
33.26184706,-4.883430012,51.71997301,98.92447706
33.26151315,-4.879814592,51.74570431,98.92143958
33.24972921,-4.887473442,51.7498966,98.90941656
33.2301502,-4.87943059,51.64269244,98.90177539
33.29745017,-4.873411598,51.71552214,99.15271639
33.26357273,-4.875713571,51.64208819,99.08273686
33.25013925,-4.885350112,51.67785517,99.03589922
33.26132863,-4.892878442,51.66300456,99.01183181
33.23949047,-4.935705293,51.62235128,98.98344436
33.20866637,-4.905837463,51.25066882,98.96109297
33.22641876,-4.904133738,51.42739619,98.94425183
33.26976019,-4.928921786,51.6555625,98.93913028
33.27402756,-4.939357193,51.59000898,98.92715581
33.28320872,-4.914427155,51.58346237,98.92152225
33.30616225,-4.929783092,51.72281652,98.91040597
33.30046476,-4.923740254,51.68108097,98.89871706
33.28307084,-4.916232744,51.59624757,98.88811228
33.30107311,-4.876027474,51.70583584,98.87980806
33.42843151,-4.912069389,51.82727201,98.88059511
33.37651417,-4.923680748,51.70621801,98.86927008
33.35421899,-4.922931634,51.73202704,98.85565194
33.33168663,-4.87568712,51.65413315,98.84463986
33.37892471,-4.944790567,51.79769967,98.83360969
33.33017036,-4.939356668,51.62994448,98.82021439
33.26753164,-4.940855747,51.62740756,98.80865911
33.24351137,-4.872585569,51.45938305,98.7975735
33.31433483,-4.864655264,51.74818703,98.79823914
33.45046145,-4.971619022,51.90796919,98.80768331
33.33582915,-4.933764459,51.62033412,98.79220978
33.32768854,-4.935635826,51.742528,98.78349947
33.31838709,-4.873549363,51.75776013,98.77487472
33.39579146,-4.902878223,51.84688919,98.77420236
33.39543992,-4.940468706,51.78978212,98.76654122
33.35304621,-4.93399231,51.43914765,98.75548608
33.3296024,-4.898554881,51.49072868,98.74222081
33.34384108,-4.944215054,51.59196724,98.73397014
33.36905408,-4.950686877,51.61970179,98.72563992
33.33057216,-4.940845458,51.41778827,98.71714556
33.3169912,-4.963631537,51.43732861,98.70958653
33.27830272,-4.926287838,51.62768368,98.69861697
33.33095875,-4.969079823,51.70660414,98.69544981
33.32444286,-4.970405575,51.57202996,98.69181317
33.33781873,-4.9860073,51.77257673,98.68488222
33.28659025,-4.99177641,51.57768768,98.66966053
33.25976914,-4.982310155,51.56677772,98.67429383
33.33706915,-5.029891423,51.59313384,98.66843928
33.29103014,-4.99944738,51.39931103,98.65674072
33.29553919,-5.01002321,51.39212772,98.64881933
33.25618351,-4.967006031,51.52009856,98.64033686
33.34054775,-5.008160303,51.61174684,98.64055386
33.31264691,-5.023487895,51.55887904,98.62953919
33.26628955,-5.040166002,51.44704122,98.61882075
33.25886804,-5.010476271,51.32587241,98.61047331
33.26528686,-5.026321888,51.38744336,98.60483836
33.34310136,-5.046570358,51.4406223,98.60500042
33.27853117,-5.049792462,51.16442937,98.59396542
33.26119198,-5.016457147,51.31493273,98.58337081
33.2713796,-4.954618731,51.38759073,98.57783764
33.34362601,-5.053364269,51.66168524,98.57782592
33.28284201,-5.071964814,51.23042406,98.57010967
33.16109203,-5.059342107,51.27035597,98.54587417
33.14411339,-5.009826548,51.19591194,98.53913922
33.16145934,-5.009133847,51.38549214,98.53342731
33.19307631,-5.04047597,51.55287287,98.52295186
33.18565694,-5.065681038,51.28313647,98.52218892
33.12160585,-5.055463299,51.25342557,98.51127569
33.1222615,-5.027868714,51.35035517,98.50073964
33.15705558,-5.056395894,51.40118987,98.49534044
33.22526214,-5.035413189,51.3243229,98.49478675
33.24161101,-5.051516951,51.49468367,98.49467361
33.20707846,-5.065511984,51.34026684,98.48372747
33.20941831,-5.020715455,51.30259851,98.48058856
33.26579364,-5.058218698,51.38090875,98.47498358
33.2454238,-5.046032936,51.26570477,98.4696705
33.2274569,-5.053871888,51.3837667,98.4612075
33.2103227,-5.026372049,51.24738469,98.45284039
33.24937877,-5.07218113,51.32642863,98.45561853
33.25087963,-5.104367986,51.25922566,98.4496455
33.22154126,-5.084605543,51.14944687,98.44477969
33.20631706,-5.09043831,51.24635092,98.43383375
33.19285777,-5.042533934,51.24144106,98.42813853
33.25949059,-5.075996708,51.41931206,98.423008
33.24449474,-5.130884155,51.19861335,98.4175625
33.18077535,-5.124393115,51.12996928,98.40365175
33.16393951,-5.07223877,51.14350763,98.39594597
33.23918355,-5.089861237,51.14205036,98.39548597
33.213989,-5.125483007,51.23741622,98.38139197
33.21172255,-5.120174908,51.14049703,98.3797135
33.16233667,-5.134970476,51.10083926,98.37120414
33.14492547,-5.094375976,51.15556454,98.36470189
33.23222512,-5.143928429,51.27470994,98.36289992
33.16478709,-5.142879312,51.10057169,98.35368686
33.14565955,-5.147276025,51.09596621,98.3455335
33.12609088,-5.109833719,51.06685686,98.33446544
33.15893389,-5.135865637,51.12269251,98.33472225
33.18769173,-5.165857294,51.18163267,98.32672836
33.15154895,-5.17232633,51.12285477,98.31821608
33.10933252,-5.157947869,51.02552529,98.30944875
33.10066787,-5.10629045,51.10078309,98.30135292
33.16409186,-5.170985693,51.20144484,98.29855669
33.12020326,-5.180798232,51.10079009,98.29028794
33.07615439,-5.180102556,51.02592255,98.28245769
33.05661537,-5.180967516,51.06207307,98.27148142
33.06031233,-5.082840441,50.98031733,98.26596289
33.14507383,-5.084591265,51.23603494,98.59313169
33.11220841,-5.104025987,51.19317047,98.52435928
33.13756719,-5.144709611,51.22496127,98.48044164
33.08823951,-5.148813162,51.02217066,98.44702392
33.05966987,-5.156101091,50.98495248,98.41637072
33.04066559,-5.099863278,50.98478238,98.39366008
33.10284624,-5.145134926,51.14481388,98.38321667
33.08160083,-5.159387642,51.05872561,98.36642292
33.05940862,-5.16235584,51.00809102,98.34966239
33.03185601,-5.166311318,51.05010549,98.33285019
33.02215649,-5.149058732,50.98535268,98.32171944
33.08398253,-5.177265535,51.13837732,98.31584836
33.03595016,-5.156956253,51.01320986,98.30488175
33.0328893,-5.177727139,51.08041738,98.28814431
33.00128689,-5.140538256,50.97200243,98.27446569
33.02366626,-5.273222102,51.11714088,98.26608794
32.69694601,-5.170078838,50.69268205,98.21872139
32.99960178,-5.199378711,51.00563081,98.23874175
32.97486978,-5.209840572,50.95614614,98.22789311
32.94947461,-5.144858,50.94650678,98.21677528
33.02650273,-5.213775025,51.04716128,98.21382389
33.00354436,-5.198899087,50.92759837,98.20084347
32.98428491,-5.215442777,51.0042015,98.19692919
33.00370715,-5.183671059,51.0929123,98.18789458
33.02195414,-5.184767525,51.13011218,98.18502586
33.05681908,-5.214792158,51.16572103,98.17753969
33.01524177,-5.231743021,51.1108213,98.16870056
32.9908244,-5.237047374,50.93108457,98.15762353
32.96885826,-5.165147267,50.77481756,98.14916311
33.04773745,-5.224898025,50.97785756,98.14618589
33.01272032,-5.241238473,50.9561183,98.13746919
32.98285919,-5.221270585,50.78486825,98.12622117
32.97976767,-5.225665972,50.89204048,98.11844825
32.96993801,-5.22383231,50.92787853,98.11335044
33.01159314,-5.284753843,50.91588585,98.10468111
32.95053782,-5.801519762,50.66646762,98.09383211
32.24442272,-5.244709839,49.01554845,98.028706
32.95682393,-5.193264154,50.91671111,98.07082078
33.03325591,-5.239067367,51.05905887,98.07575925
33.0586102,-5.254179503,50.97212232,98.07221872
33.05843414,-5.20997218,50.96353327,98.07081217
33.08067414,-5.218999525,51.02530928,98.06213492
33.09264646,-5.227847767,51.12114772,98.05892967
33.10830209,-5.277629389,51.03752274,98.05278167
33.06477332,-5.251003959,50.9029991,98.04730603
33.06208886,-5.267798599,50.98121336,98.03922086
33.05251393,-5.188221922,51.01713761,98.03339269
33.06786709,-5.240885781,51.09923049,98.01781775
33.0705776,-5.261230361,50.95903167,98.01955822
33.06879814,-5.234504681,50.99346381,98.01375258
33.08172795,-5.270239036,51.09883269,98.00337153
33.07389529,-5.229405352,50.9025636,97.99884586
33.13114986,-5.298296046,51.03537568,97.99323658
33.08773177,-5.28894488,50.88602922,97.98461547
33.05706219,-5.268593268,50.97049165,97.97306242
33.0606241,-5.256907845,51.0123854,97.96510108
33.05078575,-5.249355792,50.97972601,97.96027267
33.12840002,-5.279212897,51.00909708,97.96015125
33.08168556,-5.302338971,50.95917275,97.95167308
33.02236911,-5.323261012,50.80062806,97.94302164
32.99765251,-5.273074411,50.84592954,97.93736603
33.04712023,-5.305917029,50.97914913,97.93150064
32.99247258,-5.333665671,50.72975571,97.91778606
32.93368852,-5.297690739,50.66863345,97.90648722
32.94941591,-5.313352678,50.85523251,97.90102311
32.95368198,-5.283071734,50.71037263,97.89611786
33.00352678,-5.345760898,50.80603671,97.88750347
32.9477506,-5.359962229,50.60308237,97.87609475
32.91030404,-5.330300804,50.51930507,97.86802389
32.9160495,-5.277907909,50.74379281,97.85991703
32.98267903,-5.331508991,50.72364702,97.85666081
32.96535969,-5.357647175,50.7754256,97.85140303
32.91969705,-5.338517203,50.45939854,97.84371433
32.91448221,-5.321260794,50.51465696,97.83207828
32.92287567,-5.29393092,50.59887658,97.83016747
32.99212675,-5.381430411,50.99670133,97.82979839
32.91904012,-5.366150111,50.51279911,97.81889808
32.73739259,-5.354212581,50.48402852,97.7873965
32.8873207,-5.337761151,50.54384019,97.80132328
32.85139081,-5.345961282,50.78711156,97.78638936
32.87889913,-5.378245178,50.59951275,97.78526906
32.83095392,-5.369036456,50.58797703,97.77199483
32.82559823,-5.36335652,50.6303166,97.76359311
32.81832147,-5.313792732,50.61883732,97.75555481
32.89410668,-5.360614051,50.62439357,97.7557885
32.88776895,-5.381565001,50.45957305,97.74991728
32.84876248,-5.376462685,50.5011833,97.74248533
32.82300331,-5.360632816,50.55123447,97.73105458
32.8305409,-5.333924271,50.58073502,97.72889114
32.88737573,-5.368175723,50.68695036,97.7232555
32.8694913,-5.395048327,50.59851883,97.71816131
32.83270426,-5.40275136,50.56467028,97.7097875
32.84053876,-5.362621732,50.52141117,97.70727944
32.86464253,-5.409108806,50.58187118,97.70781642
32.89159871,-5.426382629,50.58177464,97.70150325
32.83913898,-5.425837249,50.36815755,97.69001878
32.82371401,-5.407768124,50.50900462,97.68441706
32.81754429,-5.373721558,50.48747009,97.67802569
32.88026819,-5.420335823,50.59932787,97.67542444
32.85417213,-5.364106428,50.38096737,97.66669656
32.90959023,-5.343403667,50.4899918,97.95973878
32.86724085,-5.37972244,50.58215888,97.88204867
32.8281654,-5.346826126,50.56672359,97.83488706
32.87315708,-5.38504566,50.55721487,97.80700389
32.84957326,-5.421152269,50.43630257,97.78224517
32.78402405,-5.414998656,50.41851165,97.75726411
32.77374916,-5.401167757,50.36400005,97.73445375
32.77910575,-5.377872405,50.35967323,97.72377094
32.83837892,-5.43286321,50.79402105,97.71248331
32.80840851,-5.426508676,50.5115562,97.70109406
32.77784803,-5.448535536,50.47874645,97.68424003
32.73100851,-5.398697289,50.35855235,97.67001769
32.76766821,-5.405501147,50.46928636,97.66698022
32.8081414,-5.436100492,50.58083695,97.65801328
32.76549315,-5.456004791,50.58344446,97.64444506
32.71874781,-5.437787993,50.38553294,97.62839531
32.70021163,-5.381069568,50.37451262,97.61975575
32.78514512,-5.440536712,50.76063163,97.61092728
32.76891738,-5.485373582,50.40751921,97.60325392
32.68897496,-5.451785959,50.19500917,97.58674894
32.68805007,-5.422484179,50.37367745,97.57323258
32.72964864,-5.422770787,50.4680911,97.57321294
32.78061434,-5.453794902,50.65860425,97.57067903
32.74885883,-5.449750261,50.41503587,97.55963819
32.71524239,-5.441154609,50.41616949,97.54793033
32.72501641,-5.380816731,50.62428506,97.54291642
32.78987358,-5.451149084,50.6123485,97.54535975
32.78263009,-5.483670172,50.38420549,97.53699506
32.73759943,-5.461825252,50.26809953,97.52615331
32.71019673,-5.458172509,50.31419623,97.51232331
32.70361928,-5.4038211,50.35304674,97.50655058
32.76231528,-5.47338388,50.52736215,97.50100294
32.72671494,-5.464794364,50.23463299,97.49541589
32.73346281,-5.47549358,50.40130783,97.48765589
32.70340747,-5.479901894,50.36333101,97.47683219
32.70026708,-5.476561608,50.27704041,97.47124686
32.72605709,-5.495927219,50.36944597,97.46266431
32.70816962,-5.501226014,50.32555817,97.45328558
32.6959438,-5.491425969,50.27693447,97.44605208
32.69387139,-5.443586445,50.31011028,97.43792628
32.74677403,-5.481509896,50.43591284,97.43510783
32.7743312,-5.489511533,50.32292332,97.43455742
32.74834854,-5.504362177,50.29629931,97.42629039
32.71207588,-5.510547275,50.31034129,97.41821642
32.7089177,-5.458694652,50.23495771,97.41490269
32.7700397,-5.488721461,50.51226414,97.41179872
32.7428629,-5.516197642,50.39957096,97.40127214
32.70409993,-5.510637863,50.27662326,97.39241042
32.69809676,-5.470021138,50.23411066,97.38567189
32.72654725,-5.471455815,50.35504603,97.38372181
32.76739565,-5.53184944,50.45321744,97.37552933
32.7168434,-5.534893364,50.25517819,97.37246086
32.68037396,-5.48204736,50.23489749,97.35674331
32.73335406,-5.503430956,50.34509908,97.31526903
32.73429154,-5.495761936,50.29511307,97.324852
32.71530983,-5.471624384,50.32518127,97.32226883
32.71660471,-5.475306869,50.31659273,97.32237181
32.74485633,-5.525858656,50.34770706,97.31932847
32.69738494,-5.519329948,50.23443505,97.31169814
32.67310265,-5.544443429,50.30946508,97.30087656
32.6371238,-5.498631696,50.23482319,97.28992233
32.7172485,-5.526488181,50.38997998,97.29018428
32.71447523,-5.522686707,50.30970717,97.28718433
32.60032556,-5.534484872,50.38210861,97.26266794
32.70207713,-5.494362016,50.27648706,97.27002425
32.74034743,-5.468916799,50.2873254,97.27294067
32.81302621,-5.525828272,50.39839659,97.27429917
32.81549147,-5.66070648,50.30524174,97.27368106
32.67827571,-5.559011275,50.20008558,97.24258731
32.6823334,-5.549585473,50.0737344,97.24803108
32.66359255,-5.532821122,50.01595703,97.23572767
32.72275193,-5.595984145,50.23473453,97.233749
32.65265022,-5.601326021,50.155919,97.22918458
32.6072314,-5.577544988,49.86787348,97.21080983
32.63211451,-5.527803799,50.19453901,97.20789514
32.71900817,-5.586594124,50.35473916,97.21115789
32.70425354,-5.610630682,50.26001127,97.20238314
32.67155549,-5.595469723,50.17184971,97.19440114
32.6490101,-5.582534355,50.1150014,97.18301036
32.64433833,-5.560202196,50.18805812,97.17760961
32.69104337,-5.572137867,50.23449794,97.17498942
32.67295706,-5.579238967,50.23470349,97.16694508
32.65553802,-5.59247484,50.1946791,97.15883719
32.64259516,-5.574201767,50.27675856,97.15072172
32.63882808,-5.575020012,50.23494212,97.14766167
32.6950993,-5.596028941,50.16951687,97.15024881
32.66373064,-5.590965054,50.20424032,97.14227025
32.63717977,-5.594996074,50.22709127,97.13069947
32.63450239,-5.547407427,50.19495907,97.12547939
32.68118656,-5.592170258,50.34583457,97.12155978
32.67342563,-5.611058401,50.2217125,97.11866628
32.64883615,-5.608349714,50.2288875,97.10798519
32.63325062,-5.586666114,50.2347611,97.10061753
32.67040132,-5.578370249,50.21000656,97.10239314
32.70659794,-5.617644245,50.2355882,97.09409011
32.68021486,-5.643285012,50.21799233,97.08914992
32.63666275,-5.643475932,49.84730909,97.08042717
32.6236566,-5.626561542,49.8951521,97.07248428
32.6333167,-5.575138352,50.13972736,97.06688789
32.7142479,-5.579861682,50.23375769,97.28007222
32.65611586,-5.639797282,50.2343541,97.2057415
32.58640571,-5.606918295,50.06063975,97.15826525
32.60553159,-5.66023553,49.99699947,97.12750594
32.54732872,-5.692829888,49.77158595,97.10315539
32.49240357,-5.690906867,49.6803904,97.08050175
32.4604771,-5.65044179,49.78341492,97.06097517
32.50349902,-5.647856701,50.02345694,97.05283025
32.5661249,-5.677120226,49.81698722,97.04476489
32.55012108,-5.674989614,49.96900611,97.04120831
32.5288715,-5.686505843,49.94198614,97.02994633
32.53916446,-5.62787011,49.78751966,97.02201136
32.59339879,-5.665046576,50.14529538,97.01751464
32.57874173,-5.672853448,49.91963768,97.00993133
32.5609704,-5.70066944,50.06864189,97.00174869
32.51785043,-5.679815358,49.94537242,96.98824128
32.52260239,-5.704689189,49.77278128,96.98053569
32.50215364,-5.682436307,49.64434678,96.96923789
32.54156964,-5.707665209,49.79159702,96.96158053
32.51337072,-5.685043702,49.68966568,96.95332417
32.48693541,-5.640884196,49.76699421,96.94240508
32.55887352,-5.69308861,49.96880167,96.94204272
32.55092915,-5.698697929,49.95525949,96.93422556
32.51446789,-5.694500507,49.85630256,96.92228692
32.51172293,-5.68637108,49.80846013,96.91735464
32.51283657,-5.642153199,49.9117717,96.91191842
32.57515292,-5.688224938,50.26928545,96.91171917
32.55503689,-5.700754173,50.0137933,96.90589219
32.51118423,-5.721922511,49.70897876,96.89452067
32.49467646,-5.698685281,49.7999104,96.88612844
32.49737814,-5.655327176,49.67869113,96.88022344
32.54994068,-5.713084024,50.05980806,96.87443814
32.49882167,-5.698539054,49.69102026,96.86400886
32.48103974,-5.722683219,49.71315907,96.85635031
32.46043557,-5.741156168,49.74495594,96.84772506
32.45473024,-5.714542233,49.64238555,96.84555642
32.49510923,-5.748494412,49.68074157,96.83676756
32.4430444,-5.76029109,49.62233087,96.82822722
32.41927478,-5.757345055,49.66467864,96.81976317
32.4210702,-5.699825133,49.75444392,96.81175947
32.48102963,-5.716047993,49.83729297,96.81197542
32.50893142,-5.753051666,49.92566144,96.80931614
32.45678273,-5.768540622,49.64236627,96.80096903
32.4288692,-5.757448939,49.68657249,96.79218981
32.4230601,-5.714891173,49.62262961,96.78701933
32.48624791,-5.769658069,49.94540255,96.78658344
32.42760944,-5.782036461,49.66464716,96.77516906
32.38290015,-5.762007534,49.68165775,96.76439
32.38979306,-5.773336951,49.70753901,96.758883
32.39096626,-5.730767331,49.66730771,96.75319828
32.45255571,-5.796426042,49.87531353,96.74530206
32.40235629,-5.794302354,49.55061484,96.74186639
32.40207968,-5.754613689,49.59912978,96.73383133
32.44117014,-5.695750218,49.60861807,96.73337339
32.52067226,-5.769708916,49.88019973,96.73803511
32.52623558,-5.780228784,49.76737587,96.73266831
32.49305021,-5.767234345,49.63596507,96.72428831
32.47082469,-5.755319472,49.55545532,96.71629047
32.48284033,-5.729265319,49.74895823,96.71077261
32.53245993,-5.774491429,49.94385277,96.71044042
32.52554406,-5.781809748,50.04364077,96.70724156
32.49291523,-5.78515603,49.71692568,96.69891511
32.46370374,-5.778181381,49.59378097,96.68780106
32.46895766,-5.738656119,49.62576538,96.68521911
32.55125756,-5.770924358,50.07792387,96.68492494
32.52650811,-5.791090572,49.76735144,96.67741828
32.49504415,-5.797067028,49.70469759,96.66907839
32.47565679,-5.809503569,49.63634215,96.66080672
32.46440275,-5.773075551,49.56457102,96.65290497
32.508659,-5.814275156,49.72527507,96.647176
32.47121553,-5.812983192,49.64608644,96.64127014
32.45180552,-5.803024626,49.59472358,96.63358522
32.44467486,-5.743115812,49.55557602,96.62465633
32.49372294,-5.793743265,49.63007296,96.62498064
32.48293668,-5.849070374,49.72535812,96.6195675
32.42932369,-5.840768491,49.46654723,96.61137731
32.41053783,-5.80251186,49.51283826,96.60237264
32.41642939,-5.76829735,49.56203913,96.59919736
32.47379301,-5.846962153,49.63802645,96.59617761
32.35011362,-5.809678637,49.51459164,96.57597214
32.44663856,-5.840439226,49.59338679,96.57804656
32.36804876,-5.829501917,49.47963507,96.57241592
32.3989958,-5.814192097,49.56319503,96.56901019
32.43507142,-5.878859649,49.61274904,96.56334408
32.39104663,-5.849123765,49.42453861,96.55517608
32.36716715,-5.844752018,49.44819785,96.54386794
32.35930448,-5.81768992,49.48929257,96.53577797
32.38804051,-5.852016372,49.59319915,96.53597792
32.41037485,-5.846869464,49.58266563,96.53066503
32.38249119,-5.831569394,49.47559394,96.52271986
32.33126448,-5.845657211,49.56407339,96.50778594
32.38836605,-5.799785374,49.51060129,96.51310969
32.48535904,-5.84131673,49.63648133,96.52396678
32.52045331,-5.889786037,49.64211755,96.52441764
32.48800608,-5.86420241,49.50794776,96.52182775
32.47294884,-5.851395801,49.47706853,96.51134147
32.46744314,-5.802219062,49.48713033,96.50215081
32.53390124,-5.885097433,49.76999425,96.50232511
32.40988947,-5.853516535,49.52360803,96.48780536
32.40311234,-5.764733195,49.48376304,96.47176939
32.48693693,-5.781652181,49.554016,96.74985336
32.46283885,-5.807922856,49.62480498,96.68340939
32.47757074,-5.834016755,49.56759602,96.63954464
32.44017165,-5.839782025,49.46806261,96.60425883
32.39866454,-5.854495998,49.50256865,96.57622978
32.38210752,-5.788556248,49.47235666,96.55908311
32.43576877,-5.847930459,49.58799212,96.54500514
32.44817365,-5.877662985,49.42805624,96.53409344
32.39554124,-5.864056086,49.38796806,96.517165
32.37914384,-5.881594641,49.45389738,96.50609042
32.37130781,-5.838121324,49.48628247,96.49699225
32.44498017,-5.835258871,49.60864452,96.49345256
32.44880156,-5.87153192,49.58653722,96.48250575
32.40374861,-5.884704572,49.48055927,96.46847856
32.35683206,-5.847124278,49.44673836,96.45435664
32.3753466,-5.798581545,49.54869975,96.44651519
32.46406379,-5.865845772,49.68745481,96.44128047
32.40903672,-5.903844567,49.62915445,96.427797
32.35257928,-5.882693996,49.44510824,96.41485328
32.35194753,-5.844889348,49.46823325,96.40635289
32.38669137,-5.852750824,49.49339687,96.39983892
32.41250151,-5.874013645,49.53637284,96.39469719
32.38496469,-5.894356878,49.47414275,96.38646994
32.3459138,-5.879953502,49.50132517,96.37570347
32.33923921,-5.821375419,49.49082459,96.36756233
32.40572417,-5.870736944,49.78791176,96.36735411
32.39537204,-5.919448447,49.59446118,96.36143328
32.36377895,-5.885588688,49.46478179,96.35290636
32.37081831,-5.880203463,49.54494585,96.34197383
32.36479259,-5.817871693,49.48279689,96.33372078
32.42263517,-5.878942492,49.65841291,96.33358936
32.3921041,-5.867745032,49.47824461,96.32768472
32.375156,-5.886907342,49.49062851,96.31683642
32.34796079,-5.926051302,49.44743524,96.30344525
32.31870352,-5.879530538,49.42366037,96.29822483
32.38746377,-5.926883461,49.50857715,96.29476592
32.30913825,-5.936588376,49.37909436,96.28135356
32.25007726,-5.945794223,49.37919105,96.26734636
32.22039689,-5.912319922,49.44458757,96.25926981
32.25368388,-5.914146467,49.44754771,96.25377661
32.27627367,-5.943484768,49.39863971,96.24833194
32.25489022,-5.933238777,49.45109322,96.23983414
32.25482865,-5.972413797,49.26894059,96.23744644
32.20172446,-5.907522287,49.11465821,96.22557067
32.25282133,-5.922043565,49.45163149,96.22272781
32.27251727,-5.96256379,49.30630668,96.21965139
32.24194465,-5.970851177,49.25595507,96.21117667
32.21406947,-5.964473884,49.39812572,96.20256569
32.20786338,-5.91635301,49.17275537,96.19289694
32.25530164,-5.981374713,49.54051922,96.19030517
32.21318562,-6.001674118,49.29864091,96.18181408
32.18420831,-5.926599132,49.0299491,96.17351433
32.27531444,-5.950108317,49.27337938,96.17340464
32.25963713,-5.915325026,49.44512883,96.17094272
32.3141525,-5.956513166,49.44796986,96.16821575
32.27870996,-5.951986738,49.41932146,96.15948853
32.2693257,-5.937247525,49.38389889,96.15469111
32.30034653,-5.93964213,49.47812778,96.1512835
32.29341368,-5.945645616,49.41981125,96.14899864
32.30764476,-5.980207106,49.40802322,96.14307281
32.25432421,-5.98883958,49.36880261,96.13678014
32.23338997,-5.976062211,49.37901758,96.12532028
32.22706062,-5.934217459,49.14991044,96.11713642
32.29257232,-5.93871994,49.37955159,96.12069144
32.33850882,-5.953267669,49.42112211,96.11835989
32.31005694,-5.991472516,49.40794089,96.11006239
32.2621988,-6.016087483,49.33123186,96.09929364
32.2249402,-6.002247879,49.194445,96.08801564
32.19969819,-6.053679215,49.04392583,96.07626558
32.14608401,-6.058646704,49.00565587,96.06250725
32.10889348,-6.057812164,48.86146087,96.05142956
32.08557027,-6.040750804,48.99680373,96.04345875
32.12015024,-5.999625337,49.02130508,96.04130889
32.17924936,-6.072382382,49.44544839,96.04084819
32.11833374,-6.099269827,48.90239905,96.03515469
32.06611691,-6.076824079,48.85542219,96.02598867
32.064273,-6.097240013,48.92708646,96.019758
32.04668706,-6.034508783,48.88653413,96.00633961
32.10777838,-5.883633399,49.06755428,96.01116875
32.46658494,-6.10104268,49.74342599,96.04435136
32.10495905,-6.092720663,48.8166136,96.00537447
32.06560109,-6.092254644,48.93410604,95.98878858
32.06979302,-6.073317514,48.88127225,95.98624536
32.13368901,-6.094578268,48.9085641,95.98106164
32.10406215,-5.996472968,48.8884757,95.98078764
32.28427428,-6.115334847,49.11073826,96.00267903
32.06938305,-6.077413114,48.83374572,95.96797117
32.12906788,-5.973637146,48.9293014,95.96939872
32.24796333,-6.125513903,49.35872294,95.97822411
32.05194036,-6.144303042,48.92217013,95.94395094
32.01751079,-6.140610217,48.87470919,95.92932461
31.98391091,-6.083027288,48.80252681,95.9222745
32.0536419,-6.112467349,48.95958983,95.92157975
32.05780745,-6.120028663,48.85195627,95.91604814
32.08280813,-6.109827357,48.76772923,95.91861047
32.12281831,-6.119148949,48.76591184,95.91617353
32.05019094,-6.081396016,48.83252816,95.90264975
32.11284683,-6.122829221,48.96622799,95.90504483
32.08710272,-6.146970523,48.86464159,95.89688028
32.05279556,-5.980595157,48.78158603,95.89120244
32.31053779,-5.938233331,49.37962443,96.24895333
32.32280068,-6.007942041,49.4600644,96.17483269
32.24681518,-6.055398026,49.02402201,96.13123061
32.19383478,-6.034757551,48.86049941,96.10027067
32.18986179,-6.004606003,48.99789204,96.07271522
32.21388641,-6.021514663,48.99776577,96.05827178
32.23672944,-6.06685156,49.34823032,96.04167244
32.15999621,-6.092519754,48.91999374,96.02158647
32.09433118,-6.065838654,48.77080726,96.00303242
32.12022489,-6.065084777,49.32179031,95.99187911
32.14201669,-6.102008417,49.07125153,95.98059011
32.13678014,-6.11569438,48.80004297,95.97200964
32.08315853,-6.119900556,48.84564692,95.95545061
32.05752327,-6.107200841,48.88682207,95.94135522
32.06024306,-6.075066495,48.91161968,95.93004142
32.03057391,-6.068431808,49.05161607,95.91336303
32.11130074,-6.112474746,48.89260244,95.91622364
32.08238831,-6.119297487,48.82891771,95.90553533
32.0585829,-6.082122128,48.83165192,95.89181575
32.08629486,-6.054360121,48.89707324,95.88352908
32.13929454,-6.151846636,49.08823399,95.87782731
32.04385459,-6.127626592,48.84743284,95.86429492
32.02119736,-6.138483411,48.96198884,95.84991347
32.01255899,-6.076407903,48.98259156,95.83931747
32.08902025,-6.105049668,48.98218143,95.83928028
32.07662932,-6.170202728,49.04131847,95.82775275
32.02710468,-6.122641903,48.78519261,95.8225945
32.06320274,-6.116238502,48.96393076,95.81956717
32.08536423,-6.088766016,48.90238729,95.81423361
32.08067699,-6.149984824,49.01791637,95.80561836
32.04523917,-6.131066833,48.77097406,95.7946495
32.07105057,-6.105964534,48.76680538,95.789401
32.08940353,-6.143791453,48.97115748,95.78126728
32.0513677,-6.138139042,48.78091703,95.77049217
32.04689383,-6.1597686,48.76106316,95.76478128
32.03314771,-6.165721583,48.78074056,95.75362178
32.03150995,-6.159395608,48.71218105,95.74867175
32.04112859,-6.162800018,48.78081704,95.73996178
32.02820992,-6.139247339,48.71161132,95.73654161
32.06569973,-6.175367676,48.80555859,95.72865381
32.01067476,-6.200089739,48.82203744,95.72030169
31.96880109,-6.178134966,48.71344335,95.70887233
32.02770121,-6.099507352,48.74088462,95.711699
32.06761151,-6.190627351,48.84391087,95.70833739
31.9756963,-6.232064227,48.78781438,95.69117061
31.94345324,-6.2189504,48.68343959,95.68563572
31.93616307,-6.18497081,48.69223606,95.67736611
31.94554329,-6.184417038,48.73846798,95.6638475
31.94570664,-6.236127652,48.80260333,95.661404
31.94300204,-6.261083233,48.66781723,95.65012531
31.89366778,-6.240388649,48.48614144,95.63894358
31.89217277,-6.238942819,48.67663773,95.63089889
31.89817339,-6.177286939,48.68830168,95.62808944
31.98922399,-6.182936819,48.83133459,95.63091008
32.01895487,-6.222464859,48.7236545,95.62805825
31.94350101,-6.256713812,48.71145322,95.61368131
31.89760911,-6.273494144,48.62185626,95.60592817
31.87456096,-6.210711718,48.63613638,95.59773986
31.92817896,-6.268505236,48.77543031,95.59752733
31.89677465,-6.261174856,48.45875476,95.59126206
31.89794047,-6.26109587,48.56901508,95.58646617
31.88772498,-6.281742378,48.52939263,95.57874044
31.88996301,-6.238955722,48.64346522,95.57500303
31.94699537,-6.275876534,48.73574225,95.57228122
31.92413926,-6.291196593,48.61296221,95.56696731
31.88817247,-6.276845243,48.41244707,95.55546972
31.90376258,-6.231908819,48.61962169,95.55287192
31.96795167,-6.234148787,48.69849783,95.55254625
31.98375685,-6.26761832,48.71059292,95.54730033
31.95718006,-6.251434124,48.6230415,95.54228522
31.96985788,-6.260026349,48.64552875,95.53399769
31.96207504,-6.238135373,48.62269446,95.53020708
31.982401,-6.252169251,48.68469864,95.52710053
32.00484635,-6.257970647,48.6936418,95.52163211
31.97137944,-6.283228275,48.63152384,95.5142715
31.93037628,-6.26991228,48.62910043,95.50290706
31.94932909,-6.238347182,48.62322979,95.50074325
31.99013811,-6.253661723,48.64742894,95.49703289
32.00097994,-6.250104433,48.65392494,95.49147233
31.96306071,-6.281687427,48.70518109,95.47918872
31.90790725,-6.272105941,48.61837724,95.46698072
31.90031429,-6.214556631,48.65350886,95.46322353
31.97461318,-6.228770449,48.68845798,95.46668175
32.00924812,-6.295855536,48.79330794,95.45868461
31.92634811,-6.313576981,48.63096953,95.44761053
31.879781,-6.300258121,48.59181958,95.43371164
31.8712147,-6.235469232,48.62150936,95.42520867
31.92077765,-6.281493397,48.7914154,95.42233547
31.89886172,-6.316811303,48.61410828,95.41709647
31.8359159,-6.311372071,48.2643962,95.40588839
31.83131604,-6.310598434,48.38184045,95.39755144
31.83409225,-6.247084453,48.38285478,95.39207408
31.94110672,-6.296987202,48.70467857,95.39763583
31.9214679,-6.312748342,48.62154588,95.394686
31.89979332,-6.309785579,48.53100033,95.389576
31.86997003,-6.327535194,48.59596752,95.38074561
31.82028962,-6.283452475,48.34486132,95.36974386
31.87464031,-6.323335762,48.66131504,95.36384783
31.86511064,-6.319809036,48.56731806,95.36150906
31.84238818,-6.231549202,48.36469721,95.34807878
31.9313941,-6.251166122,48.69257891,95.64487819
31.92788755,-6.296173909,48.73289762,95.580943
31.87963895,-6.31644105,48.29543685,95.54222547
31.85255816,-6.336559882,48.29529694,95.51157433
31.8211086,-6.298273199,48.21022449,95.48916197
31.8590677,-6.320906273,48.48979464,95.46938014
31.86861215,-6.341069295,48.52733964,95.45836564
31.81437459,-6.312450019,48.22160949,95.43600719
31.84435397,-6.330673402,48.30891557,95.42488817
31.81772831,-6.331758801,48.38946988,95.40873058
31.84307278,-6.3818466,48.59218461,95.39769542
31.80499715,-6.364170241,48.16331292,95.38661531
31.79252784,-6.385116864,48.29645286,95.37257728
31.77575842,-6.344090369,48.29322652,95.36033139
31.78556555,-6.336464981,48.2952483,95.35277547
31.81258178,-6.327327523,48.29687576,95.34561669
31.84460361,-6.360335054,48.39996596,95.33977422
31.7988005,-6.344195235,48.31711416,95.32872044
31.83019774,-6.310995509,48.38852303,95.326035
31.87044483,-6.31865254,48.61231747,95.32243639
31.89168076,-6.337990483,48.60246893,95.31676839
31.86011239,-6.347689578,48.25251838,95.30508394
31.82978066,-6.331484232,48.34602928,95.29756108
31.83472861,-6.29037894,48.38294861,95.28903178
31.88357446,-6.330657608,48.48709224,95.28373333
31.87246436,-6.404398196,48.63193153,95.27526
31.77224598,-6.377060058,48.24478728,95.25644433
31.7577385,-6.373960295,48.44178098,95.24504697
31.74781918,-6.319264148,48.42055146,95.23415253
31.8002878,-6.366720271,48.68017616,95.23143089
31.7811371,-6.395895595,48.53607465,95.22269164
31.73762816,-6.34498735,48.25856233,95.21446922
31.7674919,-6.376648293,48.34286701,95.20649858
31.74115701,-6.337670745,48.19906632,95.20044822
31.80468954,-6.370875055,48.39774633,95.19513017
31.76677892,-6.385684537,48.20991398,95.18941153
31.74002632,-6.405565508,48.16834362,95.18046919
31.7239008,-6.391307733,48.1499736,95.17267597
31.73314672,-6.333750754,48.08914391,95.1693655
31.80147939,-6.392420686,48.38118094,95.16466469
31.7509826,-6.42142342,48.35355251,95.15604614
31.72233792,-6.422786283,48.09008557,95.14858167
31.72228363,-6.383359879,48.06231316,95.14012108
31.75091963,-6.388415131,48.29516427,95.13437367
31.77284754,-6.429087035,48.23340999,95.12905267
31.726854,-6.422326523,48.15999354,95.11779275
31.71006779,-6.420945361,48.1139321,95.10889833
31.70697563,-6.393103097,48.12559256,95.10617997
31.74146739,-6.404140665,48.36527944,95.10351328
31.76710064,-6.429300249,48.1535359,95.10093528
31.73457422,-6.415924411,48.13918981,95.09485083
31.76891881,-6.442774362,48.17158283,95.09186931
31.69486438,-6.374876422,48.07223151,95.0803235
31.75182047,-6.40984231,48.18005805,95.07423544
31.77936059,-6.421957192,48.21585095,95.07223611
31.74306626,-6.419183572,48.06814328,95.06368542
31.72544086,-6.457488571,48.23658856,95.05227914
31.71995612,-6.403743064,48.1071598,95.04748842
31.76388025,-6.433381216,48.21112363,95.04415522
31.75111013,-6.470672644,48.10872093,95.03664925
31.71150612,-6.463210722,48.02134021,95.03000214
31.70938653,-6.456707336,48.05299523,95.02433928
31.71665079,-6.416016427,48.09789436,95.02118728
31.77713349,-6.474625519,48.19284603,95.01905308
31.71059153,-6.496975372,48.02444123,95.00799675
31.65942552,-6.509668293,48.01430689,94.99718444
31.62749375,-6.501465253,48.05109822,94.98605989
31.63656285,-6.42864786,48.04523929,94.983144
31.71952712,-6.47963792,48.25861188,94.98028819
31.72036641,-6.481111913,48.04726896,94.98045594
31.70562698,-6.494839609,48.00835826,94.97228725
31.66906208,-6.422523041,48.01415652,94.96355642
31.72638589,-6.434807011,48.23727136,94.95871078
31.72573411,-6.462376104,48.15260647,94.95450839
31.69880016,-6.461366226,48.13409386,94.94661144
31.67890616,-6.479811026,48.14052419,94.93614256
31.65443554,-6.511639698,48.08111457,94.92763822
31.62833624,-6.450630314,47.9463025,94.91977986
31.70447715,-6.497786113,48.0847631,94.91707097
31.66109019,-6.510206303,48.01924194,94.90886664
31.63394733,-6.496109181,48.00872916,94.90045564
31.64274619,-6.454428535,48.07003728,94.89507108
31.6660693,-6.433650136,48.10817789,94.89490817
31.7306644,-6.48179135,48.12279644,94.89520111
31.70913795,-6.512241318,48.08618523,94.89216156
31.64566856,-6.528296368,47.98772276,94.87754608
31.63100162,-6.485042064,47.98769055,94.87494258
31.6563898,-6.603878399,48.01678004,94.87192025
31.50607643,-6.522026588,47.78450391,94.85004436
31.62434683,-6.54993776,47.98762857,94.85548075
31.57141755,-6.526053182,47.94609969,94.84417536
31.59572784,-6.493716886,47.9461691,94.83643964
31.61624607,-6.524551678,48.08258035,94.83341869
31.61358987,-6.565201711,48.04417544,94.82529478
31.57481073,-6.537181285,47.92925513,94.81696644
31.58261204,-6.540745555,48.00741019,94.80850739
31.56814076,-6.51745442,47.97944508,94.80037261
31.60932144,-6.524114983,48.04936213,94.80299214
31.62192226,-6.550124511,48.00856785,94.79742417
31.57931883,-6.45681791,47.94593858,94.78864444
31.67950967,-6.457830181,48.12492853,95.07683686
31.68917472,-6.494281161,48.11283462,95.00953092
31.65498286,-6.493971704,48.04739883,94.97397178
31.64420248,-6.511241963,48.10803123,94.94645128
31.60845319,-6.532538699,47.98148917,94.91873156
31.60053229,-6.529340535,47.90584549,94.90458122
31.63039185,-6.541724897,47.94729352,94.89049444
31.60970688,-6.555803152,47.94567036,94.87401861
31.57496106,-6.570189565,47.94560823,94.85424281
31.55478071,-6.511873029,47.92499774,94.84026489
31.61133511,-6.533384879,48.08326333,94.83458033
31.61044138,-6.609997893,48.04358741,94.82123739
31.54549624,-6.596932378,47.91073286,94.80795197
31.52440442,-6.577561079,47.73408403,94.79386622
31.53343799,-6.531153663,47.90901399,94.78257961
31.5759347,-6.570655794,48.09225177,94.77690731
31.55560579,-6.593307701,47.8911659,94.76595033
31.52571847,-6.553511447,47.97061265,94.75813675
31.55513566,-6.578448607,47.97099809,94.74779547
31.52945096,-6.548715947,47.94182986,94.74235997
31.57007457,-6.577741514,48.00070938,94.73885936
31.54144064,-6.582980842,47.97363383,94.72918219
31.52698528,-6.584082862,47.89460579,94.72121861
31.52039036,-6.577518534,47.76170425,94.71284981
31.52982635,-6.535601213,47.8804002,94.70766469
31.58024514,-6.561013063,48.02106013,94.70221764
31.56563297,-6.615932358,48.02070476,94.69350233
31.49711071,-6.604821588,47.87100781,94.67926847
31.51673485,-6.585347819,47.89192113,94.67413606
31.52774526,-6.539411082,47.94061603,94.66563414
31.57906145,-6.591581071,48.04849484,94.65955261
31.54071347,-6.601688503,47.97378452,94.65458019
31.51085477,-6.611552177,47.92475678,94.64394647
31.49505993,-6.566570302,47.90105752,94.63611344
31.53217332,-6.533163938,48.00048763,94.63268897
31.6108496,-6.591202765,47.99924764,94.63260511
31.58787623,-6.567916931,47.83326169,94.6269495
31.57894494,-6.559788376,47.94556797,94.62101022
31.58815848,-6.569642857,47.92006941,94.61620281
31.56689918,-6.57292042,47.90592345,94.61013747
31.5821642,-6.589668797,47.90786641,94.60202406
31.56238154,-6.607947239,47.90427316,94.59679247
31.52057471,-6.639309901,47.89170541,94.58541853
31.47344878,-6.625891425,47.67231872,94.57193472
31.49104754,-6.587663937,47.71785735,94.56663044
31.53484694,-6.641543053,47.94597556,94.55818103
31.48528685,-6.676995335,47.68370258,94.55279269
31.43379993,-6.654902194,47.49353755,94.54127842
31.4463847,-6.603311054,47.63130621,94.53293078
31.49632617,-6.621518772,47.87400625,94.53309628
31.5049017,-6.657837343,47.92502032,94.52498633
31.47732149,-6.661181497,47.60919933,94.52188494
31.4668315,-6.636671421,47.87697508,94.51664747
31.4701732,-6.627118046,47.76792616,94.51002708
31.49243104,-6.62285543,47.72658724,94.51020086
31.54416307,-6.629039882,47.93748315,94.50532317
31.54635293,-6.638403606,47.8812453,94.50129953
31.54147926,-6.637343288,47.82366605,94.4952335
31.51419792,-6.612845314,47.87247397,94.48702658
31.53796829,-6.59199682,47.94137118,94.48121819
31.59493554,-6.622573133,47.90136742,94.48107578
31.57056381,-6.632811756,47.82066947,94.47603172
31.55038173,-6.628799492,47.8698409,94.46769028
31.53963831,-6.621443493,47.86553106,94.45934058
31.54438022,-6.672212353,47.90163018,94.45374217
31.47799197,-6.694238409,47.84733933,94.43778006
31.4347493,-6.691056098,47.5861842,94.42903597
31.43148662,-6.690860732,47.62548254,94.42072278
31.42585768,-6.640623875,47.66949323,94.41522733
31.48176632,-6.651131757,47.64851511,94.41517772
31.5162467,-6.694275926,47.83762084,94.41215194
31.47720798,-6.672740598,47.55699752,94.409462
31.48344833,-6.67515679,47.61014808,94.40323633
31.4706157,-6.63032765,47.80969254,94.39242386
31.51954663,-6.663823507,47.87236504,94.39227369
31.51515412,-6.677785278,47.86535056,94.38705431
31.49462881,-6.669594737,47.58367383,94.3789185
31.48901033,-6.7423507,47.74000139,94.37313992
31.39403398,-6.682590042,47.44152597,94.35687058
31.43103766,-6.711979218,47.62319774,94.35098194
31.41703778,-6.767722326,47.59757577,94.34308244
31.28548076,-6.738225244,47.42571437,94.32103192
31.37034427,-6.735745001,47.47134983,94.3292745
31.37320655,-6.688214931,47.50275277,94.32353622
31.42246644,-6.716311458,47.67710982,94.32107722
31.43037921,-6.728103257,47.39012179,94.31808622
31.41378238,-6.71592344,47.42846709,94.31196647
31.43716988,-6.692925706,47.67463231,94.30946511
31.43562062,-6.681017858,47.59588215,94.30118431
31.45608431,-6.702330436,47.84054549,94.30122839
31.44433718,-6.729203496,47.77711097,94.29177097
31.39334691,-6.739125808,47.3866507,94.28330881
31.36655133,-6.733715694,47.46087772,94.27244175
31.36883536,-6.707844066,47.42805696,94.26371144
31.41666088,-6.73397895,47.54557665,94.26123814
31.39587917,-6.738092833,47.42494186,94.25289053
31.3800428,-6.732711288,47.44164475,94.24769817
31.37451363,-6.737947009,47.52919548,94.23939378
31.37595601,-6.694792539,47.47059779,94.23608797
31.42116732,-6.666253918,47.63522949,94.23860156
31.45011498,-6.646854387,47.66435746,94.46497469
31.47582539,-6.720518551,47.66817818,94.39868761
31.41922713,-6.733330567,47.49242743,94.35708156
31.38598233,-6.731527461,47.41289246,94.32662728
31.38030522,-6.726063754,47.34776345,94.30228775
31.3791168,-6.710944908,47.48284579,94.28547417
31.42692929,-6.762318156,47.43766118,94.27413158
31.39325063,-6.754839071,47.32814439,94.25766658
31.37271171,-6.780156403,47.35309201,94.24354969
31.34146635,-6.766504742,47.28740635,94.23227497
31.3433027,-6.735745356,47.28710475,94.22070883
31.38124325,-6.770674313,47.51403015,94.20921144
31.35625515,-6.782289771,47.45139876,94.20140183
31.3346871,-6.76139864,47.36384471,94.19319061
31.34863234,-6.776022857,47.36221161,94.18760319
31.3457098,-6.750037942,47.26205862,94.18148944
31.37720945,-6.785203097,47.4273537,94.17320244
31.33838272,-6.76606796,47.37385013,94.16457789
31.37060626,-6.757906251,47.38616929,94.15954778
31.38408829,-6.734683654,47.50086932,94.15409006
31.39527002,-6.724243074,47.4241851,94.15682753
31.41296362,-6.777020209,47.53094015,94.14053061
31.34741744,-6.833818783,47.34554694,94.12974708
31.29968265,-6.800194646,47.22855628,94.11608311
31.30325444,-6.791197483,47.33829435,94.10505586
31.29837174,-6.757367817,47.32647722,94.10189164
31.34265821,-6.788429354,47.43044376,94.09597922
31.325874,-6.786948394,47.39184802,94.0935805
31.31937371,-6.773200783,47.38903906,94.08484883
31.32650047,-6.778467111,47.34625741,94.07725381
31.32624191,-6.752975491,47.43091985,94.07432603
31.37245468,-6.79474053,47.74533475,94.06890669
31.32222604,-6.806666874,47.41332487,94.06291697
31.29812461,-6.802811185,47.38167357,94.05375369
31.30053439,-6.768374399,47.43020243,94.04872206
31.33225289,-6.757952341,47.53659836,94.04338642
31.35487857,-6.78493945,47.4410389,94.04052942
31.33885964,-6.792622581,47.30877598,94.03238569
31.31718108,-6.805323461,47.42333195,94.02419169
31.29924841,-6.798564393,47.34165173,94.01316308
31.30585822,-6.76438603,47.30474959,94.01058164
31.37083237,-6.786626876,47.46056635,94.00722881
31.34936504,-6.792075041,47.29360437,94.00181739
31.33036132,-6.811714348,47.29384313,93.99372414
31.30866676,-6.786202746,47.2969433,93.98541717
31.32792244,-6.754895777,47.30406076,93.98003383
31.39355037,-6.811829116,47.76607757,93.98347914
31.32724883,-6.874269654,47.28049565,93.97536453
31.25866873,-6.848749355,47.13917694,93.96409772
31.25621965,-6.834020982,47.23801125,93.95531747
31.27101958,-6.805009032,47.28209132,93.95281303
31.30922706,-6.850728322,47.3867372,93.94722164
31.27512104,-6.85779929,47.25752396,93.94147611
31.25852716,-6.845574496,47.17877478,93.93312711
31.25635719,-6.829535524,47.31706635,93.92231378
31.27723427,-6.837589867,47.28708475,93.92204958
31.29846566,-6.811072001,47.2509501,93.91651453
31.35994293,-6.850374814,47.31850728,93.91613322
31.286856,-6.857364947,47.19584099,93.9026835
31.27151011,-6.838082329,47.22849658,93.89707197
31.26723968,-6.819704246,47.24558846,93.88852664
31.31028508,-6.834368922,47.29700765,93.88594553
31.2960249,-6.824441348,47.25606767,93.88069242
31.3195076,-6.887551198,47.30232239,93.87729772
31.24706253,-6.865652735,47.16609335,93.86879475
31.24314408,-6.826602842,47.24054455,93.86336958
31.29842314,-6.886651569,47.2921991,93.85806306
31.24003321,-6.901005469,47.19952166,93.84967081
31.22215524,-6.883142474,47.22737776,93.84381147
31.22628606,-6.839947135,47.26913629,93.83595242
31.25897747,-6.848304854,47.30474588,93.83282314
31.27403263,-6.915458861,47.28577699,93.82748322
31.22168238,-6.898414306,47.15881995,93.81912061
31.21599324,-6.88741584,47.20496286,93.80826386
31.21356967,-6.89547573,47.22769685,93.80274431
31.2043624,-6.858482443,47.22758015,93.79702892
31.25924131,-6.903066021,47.26047169,93.79731894
31.22109205,-6.899418797,47.16639237,93.78620233
31.20640989,-6.904550402,47.24282355,93.78003367
31.18439853,-6.923468247,47.25182862,93.77189114
31.1726039,-6.87408833,47.1585722,93.76858792
31.23293422,-6.890193245,47.23757598,93.76266656
31.24273813,-6.91873854,47.18029936,93.76426256
31.199088,-6.932463061,47.20523824,93.75339978
31.17926357,-6.889779221,47.12425565,93.74254286
31.21269831,-6.862060275,47.19429099,93.73857986
31.23143058,-6.943057013,47.2620471,93.73244392
31.17402246,-6.948192188,47.16313319,93.72405339
31.15131185,-6.964162195,47.11840714,93.71560331
31.10835411,-6.98122953,47.11665782,93.70143506
31.09129107,-6.976912949,46.8988508,93.69430556
31.07048774,-6.999769331,47.07704003,93.68481094
31.04808018,-6.961256567,46.95312675,93.67923214
31.09734061,-6.956180541,47.03158324,93.67635
31.10219908,-7.039766246,47.19405109,93.67363231
31.02798756,-6.983594396,46.71868894,93.66807728
31.07829207,-6.942772228,46.90967815,93.66243422
31.15302208,-6.955861593,47.16233751,93.66722031
31.13567292,-6.950746646,47.15530369,93.66228819
31.16062464,-6.833886489,47.12294859,93.65947044
31.30477101,-6.868907093,47.24302237,93.92626422
31.24120853,-6.912244665,47.24013911,93.85914133
31.19591566,-6.870485938,47.26843276,93.82003803
31.21901157,-6.860042264,47.2569099,93.79734772
31.25843447,-6.910185677,47.21671222,93.77512772
31.23059232,-6.923532774,47.14605608,93.75647361
31.19946085,-6.928313586,47.09309287,93.73697164
31.18729041,-6.890264999,47.08157838,93.720667
31.23361196,-6.900220909,47.17202665,93.71255153
31.24515392,-6.956734893,47.15165695,93.69834694
31.19527474,-6.956752415,47.03615837,93.68495561
31.16838317,-6.972888374,47.16273963,93.66466022
31.14373929,-6.927739113,47.09450289,93.65429689
31.18265971,-6.921897998,47.16294233,93.65134447
31.21244917,-6.933554237,47.23606738,93.64287939
31.22241904,-6.962471174,47.07916421,93.63851253
31.14095206,-6.995366036,47.12629036,93.62167758
31.09760862,-6.991544206,46.99809135,93.60829539
31.12367805,-6.944156349,47.1111438,93.60795747
31.17445704,-7.003181312,47.19179151,93.60251403
31.11130932,-7.009197969,46.98276488,93.58861119
31.08461092,-7.013414052,46.89723173,93.57722969
31.08284831,-6.989002364,46.87145513,93.56928094
31.09510285,-6.946490057,46.93659546,93.56922703
31.15238053,-6.994686122,47.22771249,93.56116236
31.11441685,-7.043873126,47.13583105,93.55283678
31.06893827,-7.013881288,46.69263609,93.53923481
31.07699835,-7.006623556,46.85724693,93.53043667
31.07457181,-6.975419518,47.03248811,93.52474075
31.11790054,-6.987132779,47.15635217,93.51678061
31.12116897,-7.003628058,47.15619871,93.51361206
31.09632769,-6.976299055,47.11638785,93.50865447
31.10851343,-7.003240213,47.15936489,93.49784267
31.08203388,-7.006532243,46.94586459,93.49227644
31.10895109,-7.008417498,47.14072826,93.4896695
31.09965618,-7.013788041,47.11169641,93.48059217
31.07585428,-7.029482685,47.16357107,93.47459986
31.04829122,-7.026911188,46.98842438,93.46345
31.05620145,-6.976050184,46.94513465,93.45806375
31.11381457,-7.002754288,47.17451683,93.45589528
31.10019832,-7.042707465,47.1193405,93.44761053
31.05455193,-7.056733507,46.8520889,93.43922069
31.04411664,-7.038122139,46.76821552,93.43092869
31.04081622,-7.014478642,46.90366464,93.42178903
31.07351889,-7.032294268,46.95773736,93.41970806
31.07262361,-7.053500055,47.07169735,93.41414372
31.03809397,-7.034280631,46.77747401,93.406114
31.03809524,-7.044118573,46.82131385,93.39779272
31.03524541,-7.001861378,46.816103,93.39230864
31.09387099,-7.053244364,47.07196807,93.39216656
31.06335619,-7.005979413,46.72776605,93.38389883
31.11975621,-7.040548681,46.82033299,93.38608244
31.06386692,-7.0465363,46.76886141,93.37205511
31.04932937,-6.969496721,46.81764806,93.36660253
31.14369733,-7.02871832,47.11149962,93.3697785
31.08356272,-7.073109218,46.74959536,93.35578058
31.03741224,-7.072626961,46.69745015,93.34787403
31.02860987,-7.082275828,46.7668146,93.33948625
31.02076456,-7.035378153,46.69866494,93.3311605
31.05119388,-7.047168606,46.87980384,93.32794631
31.17379081,-7.197153619,46.62741977,93.33653453
30.84079265,-7.178615433,46.56972622,93.29197969
30.85121612,-7.197799921,46.61240586,93.28370011
30.8387653,-7.131967994,46.57688702,93.27289589
30.90134367,-7.171873521,46.72582904,93.27534678
30.87852173,-7.210342344,46.64426526,93.26739356
30.85017764,-7.202709442,46.56070176,93.26558486
30.84869039,-7.17744294,46.4998995,93.25965042
30.87540766,-7.141895152,46.56035519,93.25381967
30.90874541,-7.156694577,46.5664178,93.25085106
30.91560966,-7.197454615,46.57419191,93.24495244
30.86510011,-7.175616482,46.46546035,93.23432044
30.86899106,-7.193984486,46.60253568,93.22584142
30.858885,-7.171205505,46.53189673,93.22195367
30.87923149,-7.185890267,46.59255274,93.21907494
30.8892556,-7.182744451,46.59418777,93.21106764
30.88770536,-7.176059508,46.56015611,93.21488667
30.8753905,-7.176937696,46.61352853,93.20384703
30.87111541,-7.19117005,46.6530184,93.19273008
30.87710968,-7.177896724,46.49460527,93.19510589
30.90651813,-7.211004456,46.53276344,93.18655089
30.85511476,-7.224586748,46.46511087,93.18067672
30.82079273,-7.22479167,46.52590584,93.16965967
30.81083644,-7.187393281,46.55243651,93.16316928
30.85228246,-7.160135057,46.54512708,93.16357022
30.89979401,-7.240648156,46.58193426,93.15550917
30.82555334,-7.266556907,46.50709445,93.14483428
30.7836155,-7.254874554,46.45610725,93.13363156
30.77593359,-7.24659705,46.33985445,93.12785556
30.77935963,-7.200465284,46.51666499,93.12226297
30.8321164,-7.254488166,46.55991424,93.11688842
30.78769755,-7.2549368,46.38951886,93.10872353
30.78107114,-7.242122191,46.53593007,93.10360161
30.78929341,-7.242035716,46.51484391,93.09830044
30.79204503,-7.196800008,46.56039004,93.09544586
30.84515381,-7.273167993,46.5701254,93.09192511
30.79000647,-7.263261136,46.40046321,93.08883044
30.77534445,-7.258758335,46.47465581,93.08015214
30.77111612,-7.260409299,46.47222718,93.07137672
30.76792293,-8.403281245,46.43459053,93.06598289
30.51615731,-7.329510232,45.44122963,91.83374161
30.60349882,-7.240787142,45.39680436,92.18141592
30.69237076,-7.226402361,45.60607714,92.41954047
30.70862334,-7.20439717,45.56778481,92.56305303
30.73957393,-7.158808675,45.67344972,92.66156572
30.77902968,-7.152504128,45.95013356,92.72230861
30.78016436,-7.136596032,45.87553716,92.77153275
30.80628809,-7.112936669,45.93039513,92.80885906
30.82139074,-7.141717424,45.98568782,92.83462786
30.80658468,-7.166821507,45.8653264,92.85029856
30.77507026,-7.128604922,45.80924219,92.86111328
30.81055033,-7.142170305,45.96143869,92.87276275
30.80291944,-7.145834295,45.86562055,92.88109042
30.8044353,-7.102658826,45.84700378,92.89167831
30.84736116,-7.130437708,45.90428237,92.90389233
30.81486586,-7.151256601,45.97803552,92.89963775
30.8074273,-7.12531545,45.81382417,92.90805392
30.8230514,-7.137164468,45.87797095,92.90909139
30.80768463,-7.121327352,45.90986868,92.90830967
30.82625279,-7.133234093,45.87730239,92.91125983
30.82019316,-7.120483085,45.84108779,92.91668917
30.82539382,-7.117741575,45.90544411,92.91099203
30.82147868,-7.120230882,45.97790711,92.90248494
30.83398291,-7.119779554,45.91139732,92.90377161
30.82491965,-7.134730593,45.93032396,92.89762894
30.81282879,-7.124613537,45.89387701,92.89544033
30.81879963,-7.103915073,45.94620109,92.89546358
30.83790433,-7.139388555,46.01339385,92.89234689
30.80194229,-7.11282414,45.91618617,92.88771047
30.83432724,-7.120546027,46.00849434,92.88641589
30.83058044,-7.146722405,45.9236478,92.88361622
30.80289628,-7.138901587,45.81898858,92.87950958
30.81023659,-7.123819695,45.94065765,92.87726225
30.82590436,-7.12152979,45.8774151,92.87746978
30.82142956,-7.138516552,45.92939039,92.87387911
30.81325167,-7.137471889,45.87699298,92.86610792
30.81324782,-7.153184841,45.86534776,92.85840628
30.79858459,-7.159889911,45.86509649,92.85563092
30.79483714,-7.144742086,45.67392773,92.84783853
30.80829848,-7.127835999,45.87753965,92.84789606
30.81770308,-7.156733011,45.91688216,92.84143686
30.79271265,-7.137318682,45.8650487,92.83578572
30.81349654,-7.128831807,45.930782,92.83450714
30.81405028,-7.175958418,45.9389284,92.82848728
30.77340183,-7.142631306,45.84751985,92.82298942
30.80609304,-7.151923133,45.93083847,92.82589636
30.79471633,-7.190345011,45.94072125,92.81616992
30.76164816,-7.178150801,45.84708186,92.81086667
30.77108693,-7.166950957,45.9198404,92.80539136
30.78279375,-7.187859022,45.90225538,92.7997645
30.75828567,-7.180458932,45.88502743,92.79360375
30.77326571,-7.181561278,45.79564402,92.79233894
30.77667802,-7.179876686,45.85578434,92.78619492
30.76895264,-7.203657504,45.86200597,92.77970644
30.74520449,-7.355428281,45.85714814,92.77144406
30.5713974,-7.325909099,45.45005113,92.74623997
30.59596468,-7.333629518,45.63678697,92.73924361
30.59047701,-7.336798533,45.44461555,92.73316069
30.58658991,-7.332198382,45.43941689,92.73036914
30.59184098,-7.350539249,45.41792724,92.72755383
30.57341202,-7.334431711,45.40182701,92.718999
30.58769387,-7.333826719,45.48212635,92.71385661
30.58859474,-7.355077985,45.47699718,92.70980853
30.56729013,-7.352278273,45.48207651,92.69995481
30.56846017,-7.378120906,45.45095976,92.69727056
30.5432058,-7.368919572,45.40614727,92.68900164
30.55953317,-7.380688457,45.41487528,92.68776731
30.53612956,-7.398038348,45.44838607,92.67671475
30.52325855,-7.380035323,45.48263758,92.66592089
30.53775883,-7.394484187,45.53503723,92.66338042
30.52672138,-7.405093963,45.42455618,92.66007753
30.51671775,-7.238780162,45.3855892,92.65641592
30.70220484,-7.274455675,45.63543159,93.01191206
30.659127,-7.326449857,45.56841406,92.95551261
30.6170531,-7.292821727,45.38124366,92.92019544
30.64334416,-7.302308836,45.44749678,92.89300372
30.63187487,-7.328275678,45.53573416,92.87207111
30.60695808,-7.351456492,45.38165092,92.85322083
30.58849068,-7.318901177,45.33430075,92.83940617
30.62193797,-7.327719913,45.49436337,92.82887028
30.60726088,-7.368531943,45.37650933,92.81980414
30.58091838,-7.313963217,45.23486389,92.81425186
30.62105187,-7.333410196,45.55856322,92.80012633
30.60312007,-7.359751266,45.52931879,92.78309733
30.57167218,-7.326767743,45.42689263,92.76911492
30.60025976,-7.32745807,45.49149258,92.76134561
30.60026616,-7.361055383,45.52309901,92.75518367
30.57177698,-7.386502339,45.42965235,92.74426717
30.54742893,-7.382271785,45.3369553,92.73641503
30.54915984,-7.370107141,45.33886378,92.72478172
30.55525072,-7.389256316,45.40195731,92.71345275
30.54199677,-7.355489815,45.37520701,92.70532128
30.57950783,-7.360333394,45.43372656,92.70073067
30.56959716,-7.397012825,45.44898149,92.69684672
30.54372833,-7.357221674,45.3415034,92.68767897
30.56965725,-7.373167999,45.4392225,92.68231853
30.55186242,-7.40932367,45.48179809,92.66860358
30.51629732,-7.389649295,45.40002715,92.66244369
30.54648416,-7.386219841,45.35874094,92.65570722
30.54631305,-7.394617998,45.47184915,92.65015528
30.53346891,-7.427240906,45.36059071,92.64128839
30.51249933,-7.398202339,45.2972742,92.62997631
30.52838593,-7.412789574,45.38093808,92.62179642
30.51513698,-7.423034463,45.37113899,92.61044886
30.50422267,-7.436074323,45.35093511,92.60509825
30.49425021,-7.400171771,45.25898064,92.59963464
30.52808909,-7.458806905,45.38091234,92.59921822
30.47604617,-7.453949424,45.26330442,92.59070319
30.47990315,-7.408790134,45.29879302,92.58520103
30.51967891,-7.465591747,45.40336543,92.57627403
30.46325291,-7.461754171,45.26594532,92.56705289
30.46549213,-7.439089413,45.25213518,92.55918094
30.48499421,-7.470384138,45.31540568,92.55481303
30.44985461,-7.496231981,45.33109382,92.54544722
30.42936135,-7.482436012,45.27859988,92.53722775
30.44818554,-7.480524691,45.16931583,92.53219281
30.44448042,-7.45541457,45.31270715,92.52124806
30.47248157,-7.470266908,45.31756785,92.51573867
30.46771594,-7.426890336,45.2398996,92.513486
30.50110619,-7.45604066,45.41708044,92.511099
30.47318683,-7.496241851,45.34694056,92.50433822
30.44017476,-7.438592909,45.19939518,92.50093511
30.48866085,-7.469967875,45.28991355,92.49327911
30.45963247,-7.482760736,45.30218289,92.48168578
30.44614674,-7.438397159,45.21587803,92.47604308
30.49242448,-7.47236876,45.37445093,92.47661486
30.45769234,-7.483284074,45.25581845,92.46766928
30.44698569,-7.494617988,45.21590872,92.45944497
30.44166035,-7.487580657,45.28301165,92.45210019
30.44680268,-7.4980613,45.30267603,92.44420533
30.43494621,-7.504284137,45.24030373,92.43548019
30.43491671,-7.453023878,45.12958025,92.43603183
30.47753206,-7.475027625,45.34700095,92.43644067
30.45196444,-7.505614923,45.24041284,92.42727828
30.43262949,-7.451276518,45.02422006,92.42094408
30.48079717,-7.478978494,45.26164295,92.41716242
30.45270975,-7.505448701,45.29899138,92.40529681
30.42656924,-7.47632572,45.2004269,92.39694125
30.45758866,-7.487133367,45.27283297,92.39758814
30.44345471,-7.500162392,45.21651612,92.39129736
30.43395567,-7.513055055,45.22670673,92.38259203
30.42068704,-7.495952844,45.10606656,92.37480222
30.43626878,-7.511395174,45.16050996,92.36544986
30.41769298,-7.54513771,45.23680131,92.35777664
30.39892324,-7.473739672,45.00028941,92.35516128
30.45395394,-7.51784009,45.3114614,92.35233286
30.40825834,-7.495707973,45.22749745,92.34538489
30.43568932,-7.47536527,45.26620174,92.34000931
30.45022682,-7.516448091,45.3020878,92.33461494
30.41111091,-7.529240306,45.25234118,92.32359667
30.39851174,-7.52760522,45.2276829,92.31492664
30.40627195,-7.404955968,45.21418337,92.31375192
30.52104722,-7.52390964,45.47685077,92.32078961
30.41127889,-7.567665211,45.19617822,92.30358183
30.36955281,-7.529484218,44.87135477,92.29648744
30.4035927,-7.540852389,45.21687438,92.28779486
30.38506927,-7.562868679,45.27201625,92.27648931
30.36582265,-6.585527447,45.16360054,92.27119967
32.0537131,-6.675772838,47.19851059,92.48599739
32.24302841,-6.701265758,47.36172457,92.548426
32.28491459,-6.709660983,47.19784147,92.57580042
32.30783128,-6.708152811,47.42013501,92.58783636
32.31965859,-7.065146401,47.41422527,92.58972136
31.25975847,-7.205316435,45.15065064,92.48196497
31.13366634,-6.665275925,44.62783113,92.45509203
32.16773313,-7.549258944,47.30103375,92.53945458
30.38166849,-7.578661928,45.15215271,92.36814531
30.36385608,-7.542363915,44.9152667,92.30779164
30.38680192,-7.584818249,45.23689036,92.27483442
30.34582075,-7.600119602,45.12931538,92.24695797
30.33347581,-7.572913375,44.86908848,92.23609261
30.35822897,-7.757783476,45.23302565,92.22203339
30.1737705,-7.755175153,44.67401341,91.82398469
30.17452587,-7.775626547,44.66450004,91.77194419
30.15666966,-7.783576381,44.67084634,91.73495319
30.15103547,-7.788853614,44.63262787,91.71271272
30.14579134,-7.764002947,44.59118064,91.69276539
30.17044278,-7.751773234,44.5647942,91.67911467
30.17940653,-7.779461088,44.67052127,91.66777639
30.15240626,-7.738475538,44.59118538,91.64863939
30.19047921,-7.788969407,44.73041662,91.63260975
30.14020048,-7.824774607,44.45947878,91.62186583
30.1157878,-7.836166546,44.47485552,91.60672558
30.10060256,-7.850888191,44.49216739,91.59616006
30.08316792,-7.827570728,44.49528523,91.58781708
30.09608686,-7.839674969,44.58568459,91.57366244
30.08961731,-7.806130532,44.51722446,91.56300169
30.11796755,-7.825288956,44.638084,91.55803686
30.09765183,-7.867118286,44.55885483,91.55171856
30.05744975,-7.831788603,44.53883239,91.541922
30.08919694,-7.851638058,44.61685888,91.53647875
30.07045814,-7.846242697,44.60114907,91.52833211
30.07496365,-7.826726138,44.51759514,91.51779053
30.09928242,-7.851306281,44.67445895,91.51042267
30.07474458,-7.88224914,44.50237149,91.50238161
30.04694344,-7.8748739,44.50766944,91.4929295
30.05323288,-7.878844934,44.50762694,91.48138439
30.05183715,-7.866942813,44.53419119,91.47868239
30.05991649,-7.864897448,44.63249177,91.4706775
30.06084642,-7.839575902,44.54415942,91.45931856
30.08556984,-7.852777355,44.63297232,91.457509
30.0727373,-7.883065116,44.54453762,91.45393711
30.04501381,-7.873562264,44.51738155,91.44503028
30.05414638,-7.87132976,44.51163027,91.43977697
30.05545129,-7.888845611,44.5580692,91.43370492
30.03884118,-7.889897343,44.46340669,91.42296342
30.04079483,-7.870534778,44.46582798,91.41559367
30.05684222,-7.879679026,44.50216403,91.40784278
30.04438817,-7.906390597,44.48597724,91.40133
30.02034422,-7.87279239,44.37825356,91.39271906
30.05641045,-7.903392812,44.54446292,91.39034617
30.02403538,-7.897460049,44.52698994,91.38191692
30.02973323,-7.890419757,44.38097296,91.37486353
30.03544855,-7.885622761,44.5066118,91.36971011
30.04163899,-7.907706015,44.50221805,91.36873792
30.02132828,-7.916041083,44.41187043,91.36258664
30.01473235,-7.905312584,44.46614164,91.35481131
30.02352152,-7.911621071,44.42664452,91.35254297
30.01733015,-7.912936858,44.414454,91.34206925
30.01763729,-7.910004144,44.47280037,91.33433111
30.02123608,-7.913247774,44.25007659,91.32370586
30.01344028,-7.922167789,44.36749209,91.31758025
30.01052601,-7.908254859,44.44797622,91.31286994
30.02016172,-7.907006294,44.50333462,91.30717747
30.01788489,-7.924704462,44.52792478,91.29753972
30.0008854,-7.928261839,44.4576681,91.28892206
29.99864652,-7.904572869,44.28576095,91.28721206
30.02503621,-7.940240524,44.50319912,91.28413256
29.98444824,-7.97526632,44.3897316,91.273664
29.95191527,-7.9553768,44.12789681,91.26662647
29.96936124,-7.960941334,44.40028979,91.26445939
29.96482141,-7.936379563,44.18271885,91.25381553
29.98729796,-7.935007953,44.46986184,91.24633469
29.9923427,-7.95653191,44.40869401,91.24101869
29.96901451,-7.978949905,44.14123702,91.23440897
29.95051518,-7.964764167,44.13934606,91.22603828
29.96172136,-7.957740942,44.18324315,91.21875961
29.96557566,-7.957842042,44.400988,91.21315136
29.96417206,-7.996439213,44.26870216,91.20488039
29.9171274,-8.0114312,44.44735016,91.11442047
29.91452955,-8.168906701,44.08882244,91.13453486
29.74486946,-8.185669645,44.05867735,91.11552581
29.72836499,-8.171447915,44.07172136,91.11479006
29.74121729,-8.141838947,44.20829751,91.10875314
29.77245265,-7.976190626,44.10760297,91.106832
29.9439963,-8.014396988,44.28806172,91.11805369
29.90597199,-8.0027914,44.23285679,91.10986192
29.91101539,-8.009214851,44.46556382,91.10477428
29.90936513,-8.028702098,44.30067639,91.10202269
29.88822373,-8.009173297,44.23043345,91.09539711
29.90632756,-8.006016833,44.31689828,91.09064169
29.92131944,-8.019640724,44.12029385,91.09091294
29.90106703,-8.212830534,44.19296848,91.08174744
29.7093103,-8.223752457,43.96490694,91.05430792
29.69550311,-8.188874733,43.94323155,91.05129781
29.73028633,-8.212328905,43.91735822,91.04803142
29.70586238,-8.209541652,43.99199455,91.03295144
29.71031288,-8.015590286,43.91683742,91.03244425
29.90823609,-8.037257364,44.18302019,91.04399986
29.88200795,-7.946773879,44.0900142,91.03791353
30.00230897,-8.009633525,44.16728638,91.04137158
29.91013243,-8.043007958,44.25278145,91.02785314
29.87457503,-8.167972827,44.13931709,91.01821436
29.76131982,-8.158694073,43.79316031,91.00492947
29.74949569,-8.176460787,44.15317969,90.99177269
29.73684055,-8.191039428,44.11966561,90.98060631
29.71666062,-8.187789171,43.95412962,90.97741794
29.72648226,-8.177851801,43.91403371,90.97519006
29.73570007,-8.206651875,44.03412221,90.97116797
29.70442746,-8.220831886,43.98429784,90.96187278
29.69753469,-8.185834878,43.95464293,90.95803669
29.73046623,-8.000545935,44.07935502,90.95234028
29.91431931,-8.051008276,44.26445811,91.18745008
29.87918673,-7.996753519,43.96613944,91.13186525
29.92665999,-8.013077066,44.39486004,91.10263494
29.91084095,-8.043065938,44.14023084,91.07824892
29.88389099,-8.037264922,44.0336765,91.05537689
29.89029123,-8.035477389,44.07781176,91.04266739
29.88984715,-8.074129005,44.1399247,91.02432758
29.85701958,-8.070489001,44.01487365,91.01308817
29.8665397,-8.029506938,43.96961068,91.00611108
29.89723867,-8.091299981,44.120244,90.99463814
29.83686107,-8.094908512,43.95830883,90.97991033
29.8334016,-8.003736492,43.99760007,90.96925339
29.91591631,-8.075609073,44.46180131,90.96272908
29.84298025,-8.077409196,44.10761325,90.94972817
29.84918099,-8.056258431,44.0746283,90.93812639
29.86463221,-8.108400963,44.08193351,90.93390781
29.81099576,-8.088778528,43.96729053,90.91639431
29.83081752,-8.108671276,44.05513671,90.91067033
29.81362714,-8.086008675,43.89637628,90.90363194
29.82848168,-8.127125071,44.14903085,90.89755161
29.78920016,-8.138773535,44.00429536,90.88548122
29.79106072,-8.110312007,43.87610909,90.88303017
29.80628646,-8.160699272,44.12244922,90.87266753
29.76046809,-8.145290895,43.93107055,90.86307128
29.77579585,-8.180478271,44.00581461,90.85612556
29.72732824,-8.248063545,44.10921875,90.83977336
29.66537069,-8.273659047,43.96386296,90.82460089
29.64544446,-8.240008642,43.9340508,90.81367578
29.67736365,-8.258285708,43.96902081,90.80949008
29.65900934,-8.245177182,43.92684965,90.80323531
29.67162979,-8.215913629,43.97258668,90.79183606
29.70443645,-8.167078582,43.86930248,90.7950885
29.74995339,-8.244005817,44.0148738,90.79425647
29.67646913,-8.226782257,43.83880263,90.78271394
29.6955619,-8.167669788,43.95486406,90.78017489
29.74928622,-8.182595805,44.03233794,90.77607442
29.73990359,-8.16955929,43.92638819,90.77169431
29.75179932,-8.113174235,43.96782719,90.76943972
29.80371499,-8.166725367,44.09296,90.76461853
29.75391162,-8.159821016,44.03957083,90.75526839
29.76065857,-8.152976005,43.91775526,90.74981186
29.77026646,-8.178834346,43.93795632,90.74605275
29.74667845,-8.157179703,43.85772717,90.73505653
29.76966419,-8.154371563,43.89703582,90.73578725
29.77187414,-8.172115987,43.89621765,90.72343031
29.7519326,-8.192578357,43.93024148,90.71705256
29.74581331,-8.1446452,43.74644139,90.71540886
29.78445623,-8.162314602,43.96535159,90.71718861
29.75986255,-8.181059991,43.91753878,90.70508103
29.74713043,-8.135984484,43.88842142,90.6993045
29.78843939,-8.174545399,44.04635112,90.69530497
29.75066358,-8.180682702,43.93012071,90.68103944
29.7439945,-8.153075426,43.96570828,90.67517819
29.76890846,-8.168145014,43.99567035,90.67400467
29.75124821,-8.171650848,43.95627254,90.66460958
29.74885166,-8.242845255,44.02019186,90.65562936
29.68329747,-8.231508996,43.74941142,90.65118206
29.68551015,-8.207706676,43.97288126,90.62843389
29.7086509,-8.244109693,43.86931211,90.63086531
29.68561066,-8.171122742,43.78378001,90.62921008
29.74919719,-8.178752378,43.9106528,90.63155058
29.73763414,-8.224724096,43.92996778,90.62196347
29.69695357,-8.208301801,43.80231899,90.61607122
29.70125943,-8.226796722,44.01482912,90.49810308
29.68763162,-8.243828878,43.95268705,90.52818569
29.67458591,-8.208834252,43.86968909,90.53422331
29.70542593,-8.230044259,43.94740057,90.54341069
29.69166536,-8.248074344,43.87535806,90.54161667
29.67083917,-8.230300057,43.85127859,90.538398
29.68839263,-8.213895692,43.8398378,90.53706067
29.70297044,-8.22746098,43.96842162,90.52900481
29.68858108,-8.227267526,43.93033347,90.52270989
29.7013295,-8.193740396,43.79744435,90.53016214
29.72942151,-8.221694833,43.914003,90.52734319
29.70134473,-8.244492203,43.930445,90.51767306
29.68018734,-8.190511811,43.84821879,90.51264244
29.73245674,-8.217489564,43.88999269,90.5081755
29.70466957,-8.23971298,43.88158146,90.4994645
29.68673987,-8.214633619,43.84843351,90.49361961
29.71162104,-8.255169327,43.81458339,90.49432831
29.66971198,-8.258281368,43.8027173,90.48433922
29.66508153,-8.238876707,43.81483993,90.47602069
29.68372633,-8.249566067,43.80379327,90.47186186
29.67139356,-8.257153846,43.82879466,90.46347411
29.6664824,-8.253739358,43.86989678,90.45725636
29.67458126,-8.242259993,43.77537011,90.45232528
29.68236241,-8.282915884,43.91724241,90.45174489
29.64188678,-8.272192258,43.72333341,90.44277433
29.65223256,-8.251370651,43.74131651,90.43880356
29.67083861,-8.261577854,43.85844343,90.43337442
29.65958968,-8.2880866,43.82569372,90.42108514
29.64084038,-8.256537414,43.71344121,90.41889517
29.67068175,-8.297090827,43.77557905,90.41910975
29.62475752,-8.27255366,43.79002797,90.40911447
29.65242929,-8.259503371,43.75661781,90.40393592
29.66855108,-8.257889414,43.78422129,90.39994689
29.66878915,-8.286037604,43.73974617,90.39106572
29.63683731,-8.289547616,43.78582114,90.38209497
29.63609686,-8.258132016,43.53194592,90.37969522
29.66086721,-8.258132016,43.82592415,90.37706108
